시장,종목명,종목코드,종가,거래대금(억원),시가총액(억원),RSI14,괴리_%,MACD_hist,MACD_slope,Vol_Z,ret_5d_%,ret_10d_%,EBS,근거,RS_slope20,RS_high50,VCP_ok,Pivot_near,Vol_breakout,UDVR_50,UDVR_ok,OBV_high,Weekly_pos,Regime_good,EBS_PLUS,HitProb_%(heuristic),추천매수가,추천매도가1,추천매도가2,손절가
KOSDAQ,넥스틴,348210,64600,165.65,6768.1,81.1,17.54,697.3488,191.32276,1.21,8.39,25.93,5,"MACD↑, 거래량↑, 상승구조, MACD>0, 5d<10%",0.0908,True,False,True,True,2.69,True,True,True,True,82.8,64.5,56510,59620,62110,53310
KOSDAQ,케이엠더블유,032500,18700,312.94,7619.2,82.3,40.43,557.5742,195.80273,2.12,41.88,36.3,4,"MACD↑, 거래량↑, 상승구조, MACD>0",0.3213,True,False,True,True,3.16,True,True,True,True,80.6,62.5,13860,14950,15830,12920
KOSDAQ,오름테라퓨틱,475830,45500,186.0,9627.1,73.8,27.44,910.2262,272.39676,1.61,27.99,39.78,4,"MACD↑, 거래량↑, 상승구조, MACD>0",0.2114,True,False,True,True,1.65,True,True,True,True,80.6,62.5,37030,39700,41830,34630
KOSPI,한화오션,042660,141000,9541.17,432042.9,74.6,18.97,2665.4583,103.46579,1.92,4.52,29.24,5,"MACD↑, 거래량↑, 상승구조, MACD>0, 5d<10%",0.0927,False,False,True,True,1.54,True,True,True,True,72.5,55.2,123050,132120,139370,114960
KOSPI,현대차,005380,265000,8084.43,542608.1,82.4,11.7,2246.4908,140.91405,2.97,5.16,9.5,5,"MACD↑, 거래량↑, 상승구조, MACD>0, 5d<10%",0.0372,False,False,True,True,2.57,True,True,True,True,72.5,55.2,242730,253700,262470,230130
KOSPI,삼성전자우,005935,82500,6234.82,673179.1,70.0,11.03,261.2505,114.97184,1.73,7.98,10.15,5,"MACD↑, 거래량↑, 상승구조, MACD>0, 5d<10%",0.0396,False,False,True,True,2.77,True,True,True,True,72.5,55.2,75540,78020,80010,72080
KOSPI,현대차2우B,005387,206500,864.25,72200.5,88.5,14.62,2425.6835,529.88877,2.6,8.51,14.53,5,"MACD↑, 거래량↑, 상승구조, MACD>0, 5d<10%",0.0427,False,False,True,True,1.37,True,True,True,True,72.5,55.2,182940,188500,192940,174760
KOSPI,현대차우,005385,202000,584.14,47148.7,88.4,13.54,2114.5851,398.85068,2.38,7.33,12.47,5,"MACD↑, 거래량↑, 상승구조, MACD>0, 5d<10%",0.0379,False,False,True,True,1.61,True,True,True,True,72.5,55.2,180680,186210,190630,172580
KOSPI,현대차3우B,005389,201000,123.26,4678.2,93.2,13.28,2117.1232,356.56057,2.73,7.09,12.48,5,"MACD↑, 거래량↑, 상승구조, MACD>0, 5d<10%",0.0334,False,False,True,True,1.89,True,True,True,True,72.5,55.2,180270,185950,190490,172110
KOSDAQ,우리기술,032820,5240,4305.18,8712.6,72.7,20.17,82.8137,28.20562,3.19,26.27,19.77,4,"MACD↑, 거래량↑, 상승구조, MACD>0",0.0386,False,False,True,True,2.99,True,True,True,True,70.3,53.3,4510,4810,5060,4230
KOSDAQ,범한퓨얼셀,382900,36750,1569.71,3219.7,78.3,22.27,727.6049,87.50606,1.48,19.51,27.83,4,"MACD↑, 거래량↑, 상승구조, MACD>0",0.0069,False,False,True,True,4.97,True,True,True,True,70.3,53.3,31680,34930,37530,29160
KOSPI,대원전선,006340,3640,941.76,2729.2,68.7,15.48,40.6741,19.60218,2.47,17.04,13.57,4,"MACD↑, 거래량↑, 상승구조, MACD>0",0.0322,False,False,True,True,2.8,True,True,True,True,70.3,53.3,3250,3440,3590,3060
KOSDAQ,에치에프알,230240,18110,163.47,2410.3,64.8,13.44,244.1602,73.94639,1.25,16.09,4.14,4,"RSI 45~65, MACD↑, 거래량↑, MACD>0",0.0133,False,False,True,True,3.26,True,True,True,True,70.3,53.3,16650,18010,19100,15490
KOSPI,삼성중공업,010140,30300,3982.56,266640.0,86.9,26.65,840.1928,18.83825,0.8,26.78,35.87,3,"MACD↑, 상승구조, MACD>0",0.1724,False,False,True,True,3.18,True,True,True,True,68.1,51.3,24660,26120,27280,23210
KOSDAQ,강원에너지,114190,16350,909.39,4271.1,78.3,32.96,549.3677,42.409,0.53,41.31,38.68,3,"MACD↑, 상승구조, MACD>0",0.2499,False,False,True,True,3.88,True,True,True,True,68.1,51.3,13000,14410,15540,11930
KOSDAQ,LS마린솔루션,060370,28450,343.06,14862.0,64.5,15.93,521.1262,67.47518,0.84,13.57,16.6,3,"RSI 45~65, MACD↑, MACD>0",0.0645,False,False,True,True,1.57,True,True,True,True,68.1,51.3,25250,26670,27800,23800
KOSPI,가온전선,000500,74000,277.63,12241.9,90.2,26.91,1836.6786,527.03052,2.71,23.95,27.15,3,"MACD↑, 거래량↑, MACD>0",0.0874,False,False,True,True,2.42,True,True,True,True,68.1,51.3,60000,63370,66060,56560
KOSDAQ,자람테크놀로지,389020,46400,173.88,2875.7,75.2,20.79,781.5853,366.91203,0.96,26.95,22.43,3,"MACD↑, 상승구조, MACD>0",0.0467,False,False,True,True,2.5,True,True,True,True,68.1,51.3,39630,42080,44030,37260
KOSDAQ,오이솔루션,138080,15030,87.01,1596.8,66.3,18.35,123.5566,47.5994,0.45,14.73,6.82,3,"MACD↑, 상승구조, MACD>0",0.202,False,False,True,True,3.53,True,True,True,True,68.1,51.3,13340,14610,15630,12320
KOSPI,이구산업,025820,5040,61.5,1685.5,53.8,3.23,7.4284,3.80397,1.79,2.65,2.44,7,"RSI 45~65, MACD↑, MA20근접, 거래량↑, 상승구조, MACD>0, 5d<10%",-0.1045,False,False,True,True,2.03,True,True,True,True,66.7,50.0,4960,5100,5220,4740
KOSDAQ,로보티즈,108490,222500,6265.45,29415.7,67.1,20.09,-234.8605,1319.02071,0.88,18.98,13.29,2,"MACD↑, 상승구조",0.3301,False,False,True,True,2.65,True,True,True,True,65.9,49.3,193850,210970,224660,179730
KOSPI,HD현대,267250,210000,831.07,165885.5,81.4,21.74,4596.8022,-141.73765,1.16,19.66,31.25,2,"상승구조, MACD>0",0.1734,False,False,True,True,2.09,True,True,True,True,65.9,49.3,178490,190460,200030,167320
KOSPI,SK하이닉스,000660,568000,27646.14,4135053.4,81.8,26.22,8336.3295,424.50015,0.54,18.7,25.52,3,"MACD↑, 상승구조, MACD>0",0.3532,True,False,True,False,1.86,True,True,True,True,65.6,49.0,462930,488790,509470,436500
KOSPI,HD현대일렉트릭,267260,885000,1873.05,319017.1,87.1,27.24,18687.9138,1488.27784,0.48,18.63,29.2,3,"MACD↑, 상승구조, MACD>0",0.2805,True,False,True,False,2.43,True,True,True,True,65.6,49.0,713640,749820,778760,674680
KOSPI,두산퓨얼셀,336260,43900,1809.1,28751.7,74.0,32.85,1107.1656,317.17367,0.23,44.41,27.25,3,"MACD↑, 상승구조, MACD>0",0.2791,True,False,True,False,3.14,True,True,True,True,65.6,49.0,34490,37370,39680,32050
KOSPI,LS ELECTRIC,010120,439500,1410.25,131850.0,89.0,34.81,13530.2239,1834.66098,0.03,19.75,44.1,3,"MACD↑, 상승구조, MACD>0",0.3403,True,False,True,False,1.86,True,True,True,True,65.6,49.0,336690,358030,375110,316240
KOSPI,효성중공업,298040,2100000,1287.3,195815.5,86.0,28.11,42890.6061,3950.42815,0.69,13.45,30.11,3,"MACD↑, 상승구조, MACD>0",0.3182,True,False,True,False,1.86,True,True,True,True,65.6,49.0,1691070,1794710,1877630,1590070
KOSPI,해성디에스,195870,51900,212.45,8823.0,76.2,26.1,712.5128,91.69415,0.01,15.98,25.67,3,"MACD↑, 상승구조, MACD>0",0.4743,True,False,True,False,3.22,True,True,True,True,65.6,49.0,42700,45780,48240,39920
KOSDAQ,씨어스테크놀로지,458870,82800,83.09,10487.3,68.9,16.91,531.4139,256.54489,-0.36,19.48,12.96,3,"MACD↑, 상승구조, MACD>0",0.174,True,False,True,False,2.48,True,True,True,True,65.6,49.0,73430,78640,82800,68700
KOSPI,엔케이,085310,1560,591.54,1230.5,63.1,13.79,19.8456,1.33167,2.05,7.51,22.45,6,"RSI 45~65, MACD↑, 거래량↑, 상승구조, MACD>0, 5d<10%",-0.0112,False,False,True,True,3.21,True,True,True,True,64.5,48.1,1440,1570,1680,1330
KOSPI,산일전기,062040,158900,1532.89,48377.4,77.0,24.23,3727.9528,-4.92265,0.0,16.33,14.73,2,"상승구조, MACD>0",0.1715,True,False,True,False,1.81,True,True,True,True,63.4,47.1,133310,144120,152760,124070
KOSDAQ,브이엠,089970,25450,90.25,6132.3,82.7,18.05,167.6347,-12.87877,-0.9,11.62,15.42,2,"상승구조, MACD>0",0.2191,True,False,True,False,2.74,True,True,True,True,63.4,47.1,22400,24090,25440,20910
KOSDAQ,LS머트리얼즈,417200,12040,279.21,8145.4,87.0,16.76,234.4796,8.82347,2.47,13.69,20.52,4,"MACD↑, 거래량↑, 상승구조, MACD>0",0.0288,False,False,True,True,1.87,True,False,True,True,62.6,46.3,10610,11210,11690,10000
KOSDAQ,JYP Ent.,035900,81200,649.16,28852.4,64.9,7.33,776.9929,114.20332,1.81,5.45,11.69,5,"RSI 45~65, MACD↑, 거래량↑, MACD>0, 5d<10%",-0.0705,False,False,True,True,1.52,True,True,True,True,62.3,46.1,76890,79360,81340,73390
KOSDAQ,코닉오토메이션,391710,2750,393.46,1156.8,60.6,8.45,-4.1515,14.76921,2.81,7.21,8.91,5,"RSI 45~65, MACD↑, 거래량↑, 상승구조, 5d<10%",-0.0912,False,False,True,True,5.31,True,True,True,True,62.3,46.1,2670,2950,3160,2460
KOSPI,하이브,352820,324500,2454.11,136608.1,76.0,14.71,5275.8311,845.28938,1.52,12.48,18.86,3,"MACD↑, 거래량↑, MACD>0",0.0151,False,False,True,True,1.26,False,True,True,True,60.4,44.4,288870,300850,310430,274390
KOSDAQ,쏠리드,050890,8670,349.72,5267.6,69.7,23.23,180.177,45.59001,0.44,23.15,21.6,3,"MACD↑, 상승구조, MACD>0",0.1259,False,False,True,True,2.3,True,False,True,True,60.4,44.4,7240,7660,7990,6820
KOSDAQ,대창솔루션,096350,2780,59.05,1024.6,84.2,18.22,63.9425,5.79131,0.44,23.01,23.01,3,"MACD↑, 상승구조, MACD>0",0.0757,False,False,True,True,1.38,True,False,True,True,60.4,44.4,2410,2530,2620,2280
KOSPI,기아,000270,116200,3290.33,457583.1,81.7,6.78,651.2181,-114.60153,2.77,1.04,4.4,4,"거래량↑, 상승구조, MACD>0, 5d<10%",-0.0324,False,False,True,True,1.5,True,True,True,True,60.1,44.1,110910,115090,118440,105560
KOSDAQ,원일티엔아이,136150,23900,1654.21,2003.1,69.0,9.52,268.4901,100.96664,4.25,8.39,12.47,4,"MACD↑, 거래량↑, MACD>0, 5d<10%",-0.1077,False,False,True,True,5.35,True,True,True,True,60.1,44.1,22580,24080,25290,21170
KOSPI,삼영,003720,5270,136.95,1791.8,63.3,9.57,66.7245,14.4639,1.42,14.32,11.06,4,"RSI 45~65, MACD↑, 거래량↑, MACD>0",-0.0819,False,False,True,True,2.64,True,True,True,True,60.1,44.1,4960,5260,5510,4670
KOSDAQ,이노와이어리스,073490,24300,56.68,1847.7,68.1,11.09,213.7913,60.89566,1.68,11.47,7.28,4,"MACD↑, 거래량↑, 상승구조, MACD>0",-0.0219,False,False,True,True,1.99,True,True,True,True,60.1,44.1,22480,23700,24680,21220
KOSDAQ,청담글로벌,362320,8480,471.24,1785.1,58.8,2.86,26.267,26.97697,3.57,5.08,5.21,6,"RSI 45~65, MACD↑, MA20근접, 거래량↑, MACD>0, 5d<10%",-0.2231,False,True,False,True,1.77,True,True,False,True,59.3,43.4,8410,8730,8980,8000
KOSPI,삼성SDI,006400,325500,5977.85,262305.9,87.6,31.22,9515.8489,-115.35953,0.8,26.16,37.92,2,"상승구조, MACD>0",0.3133,False,False,True,True,1.7,True,False,True,True,58.2,42.4,257800,277300,292900,240610
KOSDAQ,RFHIC,218410,35750,334.28,9475.0,68.4,22.36,582.4247,380.04744,1.1,29.76,15.88,3,"MACD↑, 상승구조, MACD>0",-0.0158,False,False,True,True,2.1,True,True,True,True,57.9,42.1,30270,32380,34060,28340
KOSPI,대한해운,005880,1890,146.04,6099.9,82.9,8.64,24.7402,0.87063,0.98,5.88,11.11,3,"MACD↑, MACD>0, 5d<10%",-0.0753,False,False,True,True,2.08,True,True,True,True,57.9,42.1,1770,1830,1880,1690
KOSPI,삼성전자,005930,104100,35912.85,6162343.1,68.9,10.05,106.8751,117.20689,1.17,7.88,6.55,4,"MACD↑, 상승구조, MACD>0, 5d<10%",0.0269,False,False,True,False,2.48,True,True,True,True,57.5,41.8,96180,99350,101890,91760
KOSDAQ,티로보틱스,117730,16260,421.91,3260.2,62.1,18.1,151.7439,64.21079,0.4,20.36,8.11,4,"RSI 45~65, MACD↑, 상승구조, MACD>0",0.1684,False,False,True,False,2.25,True,True,True,True,57.5,41.8,14490,15950,17110,13350
KOSDAQ,네오셈,253590,12370,133.21,5426.6,48.0,7.12,-72.9307,37.84221,-0.04,7.01,2.57,4,"RSI 45~65, MACD↑, 상승구조, 5d<10%",0.0454,False,False,True,False,3.94,True,True,True,True,57.5,41.8,11870,12510,13020,11200
KOSDAQ,삼현,437730,32950,532.76,10447.6,68.5,16.61,18.3107,22.85401,-0.69,10.2,17.47,3,"MACD↑, 상승구조, MACD>0",0.2663,False,False,True,False,5.74,True,True,True,True,55.3,39.8,29760,32780,35190,27410
KOSDAQ,HLB,028300,49000,503.54,64412.5,83.7,17.23,939.5652,3.46338,0.48,10.48,23.12,3,"MACD↑, 상승구조, MACD>0",0.0496,False,False,True,False,1.76,True,True,True,True,55.3,39.8,43020,45450,47400,40540
KOSPI,한국타이어앤테크놀로지,161390,46100,252.89,57106.4,88.0,10.45,487.511,-11.3351,1.16,3.25,11.22,3,"상승구조, MACD>0, 5d<10%",0.017,False,False,True,False,1.36,True,True,True,True,55.3,39.8,42390,43690,44730,40490
KOSDAQ,케이엔알시스템,199430,26050,141.33,2838.7,75.1,27.17,183.5794,41.74474,-0.76,13.51,13.02,3,"MACD↑, 상승구조, MACD>0",0.7312,False,False,True,False,2.76,True,True,True,True,55.3,39.8,21860,24620,26830,19870
KOSDAQ,성우하이텍,015750,6650,128.39,5320.0,76.7,7.95,50.2341,-17.65578,1.12,-0.15,7.78,3,"상승구조, MACD>0, 5d<10%",0.0014,False,False,False,True,2.06,True,True,True,True,55.3,39.8,6330,6680,6960,5980
KOSDAQ,피에스케이,319660,38400,124.1,11123.2,57.5,9.26,-7.7402,-8.27966,-0.6,2.26,16.19,3,"RSI 45~65, 상승구조, 5d<10%",0.0066,False,False,True,False,2.14,True,True,True,True,55.3,39.8,36290,38570,40390,34090
KOSPI,한솔케미칼,014680,231000,296.19,26184.3,56.3,8.6,551.843,1021.19353,1.89,13.79,9.22,5,"RSI 45~65, MACD↑, 거래량↑, 상승구조, MACD>0",-0.0767,False,False,True,True,1.63,True,False,True,True,54.6,39.1,218420,229880,239040,206320
KOSDAQ,엑시콘,092870,16010,292.97,2089.4,49.1,5.5,-25.3731,19.31172,1.42,5.12,10.57,5,"RSI 45~65, MACD↑, 거래량↑, 상승구조, 5d<10%",-0.0737,False,False,True,True,2.26,True,False,True,True,54.6,39.1,15730,16850,17750,14720
KOSDAQ,대양전기공업,108380,29600,59.66,2831.9,58.4,6.36,338.0802,-12.7953,1.73,2.6,12.33,5,"RSI 45~65, 거래량↑, 상승구조, MACD>0, 5d<10%",-0.0723,False,False,True,True,1.47,True,False,True,True,54.6,39.1,28670,30350,31690,27000
KOSDAQ,로보스타,090360,86700,1670.84,8453.2,83.5,36.31,1810.4464,-114.36764,-0.38,28.25,23.68,2,"상승구조, MACD>0",0.5405,False,False,True,False,5.7,True,True,True,True,53.1,37.8,68020,76850,83920,61700
KOSPI,현대오토에버,307950,161400,245.72,44262.3,67.8,4.33,1079.9695,136.35113,2.48,3.46,3.13,4,"MACD↑, 거래량↑, MACD>0, 5d<10%",-0.1246,False,False,True,True,1.37,True,False,True,True,52.4,37.2,157090,161880,165710,150060
KOSPI,퍼스텍,010820,4775,116.81,2328.9,49.9,2.31,5.3316,-1.83879,1.49,-3.44,5.88,6,"RSI 45~65, MA20근접, 거래량↑, 상승구조, MACD>0, 5d<10%",-0.0947,False,False,False,True,2.07,True,True,True,True,51.6,36.4,4780,5040,5250,4530
KOSDAQ,마녀공장,439090,16700,61.5,2735.2,60.8,3.38,84.5628,36.68349,4.21,3.86,4.64,6,"RSI 45~65, MACD↑, MA20근접, 거래량↑, MACD>0, 5d<10%",-0.1527,False,False,True,True,1.26,False,True,False,True,51.6,36.4,16330,16680,16960,15800
KOSPI,엘앤에프,066970,124700,2820.6,45286.3,75.2,22.47,3781.0083,-1925.08589,1.58,9.77,26.73,4,"거래량↑, 상승구조, MACD>0, 5d<10%",0.3827,False,False,False,True,1.89,True,False,True,True,49.8,34.8,107560,119040,128220,98770
KOSPI,삼성물산,028260,227000,1223.87,385846.8,63.0,10.86,1426.2301,381.52883,0.67,10.19,4.61,4,"RSI 45~65, MACD↑, 상승구조, MACD>0",0.0131,False,False,True,False,1.52,True,False,True,True,49.8,34.8,210120,220840,229420,198610
KOSDAQ,씨피시스템,413630,4055,1134.49,1477.5,70.8,23.47,98.8556,-25.17269,1.31,5.87,45.08,4,"거래량↑, 상승구조, MACD>0, 5d<10%",0.1056,False,False,False,True,3.81,True,False,True,True,49.8,34.8,3500,3940,4290,3190
KOSDAQ,서진시스템,178320,28850,581.66,16227.5,75.5,15.3,449.2921,-115.80127,2.48,9.7,13.36,4,"거래량↑, 상승구조, MACD>0, 5d<10%",0.1087,False,False,False,True,1.94,True,False,True,True,49.8,34.8,25850,27510,28840,24270
KOSPI,대덕전자,353200,37150,399.39,18358.4,55.2,13.43,309.0281,-23.89005,-0.82,5.99,11.56,4,"RSI 45~65, 상승구조, MACD>0, 5d<10%",0.0843,False,False,True,False,2.24,True,False,True,True,49.8,34.8,33930,36290,38170,31770
KOSDAQ,유진테크,084370,97800,208.27,22411.9,78.1,17.98,583.3866,20.0529,-0.47,7.47,22.86,4,"MACD↑, 상승구조, MACD>0, 5d<10%",0.2056,False,False,True,False,2.51,True,False,True,True,49.8,34.8,85670,91220,95660,80410
KOSDAQ,올릭스,226950,102600,976.56,20637.8,55.0,8.04,62.6605,231.52944,0.19,5.12,14.89,5,"RSI 45~65, MACD↑, 상승구조, MACD>0, 5d<10%",-0.071,False,False,True,False,2.39,True,True,True,True,49.5,34.6,99120,107420,114060,92120
KOSDAQ,켐트로닉스,089010,34900,531.02,5543.6,54.3,6.6,36.6566,63.46912,0.0,5.92,8.55,5,"RSI 45~65, MACD↑, 상승구조, MACD>0, 5d<10%",-0.0185,False,False,True,False,2.01,True,True,True,True,49.5,34.6,34000,36520,38540,31760
KOSDAQ,삐아,451250,11230,110.47,1148.4,56.5,2.97,25.0088,22.39861,2.77,2.56,8.19,7,"RSI 45~65, MACD↑, MA20근접, 거래량↑, 상승구조, MACD>0, 5d<10%",-0.1924,False,False,False,True,5.93,True,True,False,True,48.7,33.8,11120,11550,11890,10580
KOSDAQ,제룡전기,033100,38650,110.18,6208.1,72.1,8.07,444.7945,-69.44556,0.99,4.18,4.6,2,"MACD>0, 5d<10%",-0.0172,False,False,True,True,1.39,True,False,True,True,48.0,33.2,36540,38110,39360,34690
KOSPI,LG화학,051910,405000,1793.93,285899.0,89.1,20.6,9041.114,-1978.8942,-0.19,3.98,29.81,3,"상승구조, MACD>0, 5d<10%",0.176,False,False,True,False,2.02,True,False,True,True,47.6,32.8,346310,367270,384040,325750
KOSPI,이수페타시스,007660,107600,1520.81,78988.3,85.0,28.41,2706.4616,159.19495,-0.53,24.54,30.11,3,"MACD↑, 상승구조, MACD>0",0.2136,False,False,True,False,2.12,True,False,True,True,47.6,32.8,86780,92760,97550,81280
KOSPI,대한전선,001440,21050,1207.99,39247.2,76.1,19.13,403.6168,15.34355,0.47,17.4,17.6,3,"MACD↑, 상승구조, MACD>0",0.1512,False,False,True,False,2.34,True,False,True,True,47.6,32.8,18250,19410,20330,17140
KOSPI,미래에셋증권,006800,25700,1048.78,146571.3,64.5,11.91,300.4257,-35.16311,0.11,11.98,15.77,3,"RSI 45~65, 상승구조, MACD>0",0.07,False,False,True,False,1.41,True,False,True,True,47.6,32.8,23740,25300,26550,22280
KOSPI,한국금융지주,071050,177600,815.41,98969.4,73.4,11.9,1739.9175,-241.41662,0.7,5.59,13.63,3,"상승구조, MACD>0, 5d<10%",0.0261,False,False,True,False,1.29,False,True,True,True,47.6,32.8,163720,173720,181720,153950
KOSPI,SK이노베이션,096770,134600,689.29,227545.1,83.6,15.74,2239.3522,-329.52884,-0.17,8.11,16.03,3,"상승구조, MACD>0, 5d<10%",0.1035,False,False,True,False,1.97,True,False,True,True,47.6,32.8,119300,125300,130100,112810
KOSPI,LS,006260,217500,656.3,68947.5,92.9,14.92,3306.0102,-365.1712,1.05,5.58,18.34,3,"상승구조, MACD>0, 5d<10%",0.1162,False,False,True,False,1.76,True,False,True,True,47.6,32.8,193400,201660,208270,183590
KOSPI,SJG세종,033530,7890,296.78,2195.1,71.7,13.38,83.2496,-43.10258,0.75,-10.75,37.7,3,"상승구조, MACD>0, 5d<10%",0.0637,False,False,False,True,3.82,True,False,True,True,47.6,32.8,7290,7960,8490,6750
KOSDAQ,비나텍,126340,56900,212.45,3649.4,60.4,11.06,691.7872,-27.4955,1.15,14.37,6.16,3,"RSI 45~65, 상승구조, MACD>0",0.0645,False,False,False,True,1.79,True,False,True,True,47.6,32.8,53700,58630,62570,49700
KOSPI,LS에코에너지,229640,47250,207.07,14470.3,68.5,10.33,431.1281,-69.58567,-0.18,0.96,8.0,3,"상승구조, MACD>0, 5d<10%",0.0316,False,False,True,False,1.28,False,True,True,True,47.6,32.8,44270,47160,49470,41540
KOSPI,LG화학우,051915,201500,199.05,15492.9,90.9,21.51,4558.823,-731.72969,0.73,6.9,29.83,3,"상승구조, MACD>0, 5d<10%",0.1868,False,False,True,False,2.0,True,False,True,True,47.6,32.8,170730,180510,188340,160860
KOSPI,S-Oil,010950,72900,142.55,82072.9,66.1,6.99,513.7582,-208.26045,-0.93,-0.27,6.73,3,"상승구조, MACD>0, 5d<10%",0.0117,False,False,True,False,1.51,True,False,True,True,47.6,32.8,69390,71910,73920,66090
KOSDAQ,와이바이오로직스,338840,19880,72.35,2971.9,71.1,20.06,334.4269,-57.8876,-0.41,5.19,30.1,3,"상승구조, MACD>0, 5d<10%",0.213,False,False,True,False,1.72,True,False,True,True,47.6,32.8,17260,18660,19780,16060
KOSDAQ,한양디지텍,078350,23350,58.31,3559.6,73.2,19.34,158.5469,13.72093,-0.95,18.35,18.05,3,"MACD↑, 상승구조, MACD>0",0.2568,False,False,True,False,2.85,True,False,True,True,47.6,32.8,20380,22010,23320,18980
KOSDAQ,레인보우로보틱스,277810,352000,992.53,68287.5,60.0,5.54,-432.0978,363.11233,0.43,5.86,2.47,4,"RSI 45~65, MACD↑, 상승구조, 5d<10%",-0.0643,False,False,True,False,1.73,True,True,True,True,47.3,32.6,342260,359720,373690,323520
KOSPI,현대위아,011210,56100,140.68,15256.4,78.1,7.19,448.3128,-114.29167,2.06,-0.88,8.93,4,"거래량↑, 상승구조, MACD>0, 5d<10%",-0.0384,False,False,False,True,1.78,True,True,True,True,47.3,32.6,53300,55230,56780,50760
KOSPI,현대모비스,012330,307000,971.0,281810.9,58.8,1.43,423.2563,-25.99861,2.28,0.33,-0.65,5,"RSI 45~65, MA20근접, 거래량↑, MACD>0, 5d<10%",-0.1337,False,False,True,True,1.27,False,False,True,True,46.9,32.2,307000,316040,323260,293590
KOSPI,다우기술,023590,39150,66.43,17565.3,63.0,9.02,436.0934,83.12454,2.48,13.81,11.06,5,"RSI 45~65, MACD↑, 거래량↑, 상승구조, MACD>0",-0.1013,False,False,True,True,0.93,False,False,True,True,46.9,32.2,36900,38870,40450,34830
KOSPI,한국화장품제조,003350,56000,258.88,2537.9,58.6,3.05,360.7902,200.3747,4.23,4.48,7.07,6,"RSI 45~65, MACD↑, MA20근접, 거래량↑, MACD>0, 5d<10%",-0.1856,False,False,False,True,1.32,True,True,False,True,46.5,31.9,55480,57750,59570,52710
KOSDAQ,원익IPS,240810,65000,429.15,31904.5,68.3,16.37,640.6903,-1.72215,-0.33,11.11,18.61,2,"상승구조, MACD>0",0.2147,False,False,True,False,2.28,True,False,True,True,45.4,30.9,57610,61120,63920,54180
KOSPI,후성,093370,8700,394.94,9331.2,70.5,23.48,298.3053,-77.53223,0.46,28.32,34.26,2,"상승구조, MACD>0",0.2193,False,False,False,True,2.86,True,False,True,True,45.4,30.9,7400,8100,8670,6830
KOSPI,두산우,000155,522000,366.6,20861.5,77.4,23.43,12961.2858,-1371.56666,1.16,18.37,30.5,2,"상승구조, MACD>0",0.2963,False,False,False,True,1.51,True,False,True,True,45.4,30.9,440020,474250,501630,410210
KOSDAQ,세명전기,017510,11390,341.98,1736.5,68.4,12.98,193.0464,-15.98071,0.26,1.15,14.82,2,"MACD>0, 5d<10%",0.0259,False,False,True,False,1.68,True,False,True,True,45.4,30.9,10470,11250,11880,9780
KOSDAQ,대한광통신,010170,1930,206.17,2547.3,69.7,17.26,18.5351,-0.01851,-0.17,16.69,6.51,2,"상승구조, MACD>0",0.1076,False,False,True,False,2.27,True,False,True,True,45.4,30.9,1740,1920,2060,1600
KOSDAQ,링크솔루션,474650,32100,67.28,1790.9,84.5,31.0,973.6887,-104.86389,-0.4,12.24,22.52,2,"상승구조, MACD>0",0.3673,False,False,True,False,3.29,True,False,True,True,45.4,30.9,25850,28560,30720,23770
KOSPI,삼성SDI우,006405,187300,56.59,3030.3,96.2,24.62,4703.0119,-273.47162,0.69,17.06,34.27,2,"상승구조, MACD>0",0.197,False,False,True,False,2.09,True,False,True,True,45.4,30.9,154970,164310,171790,145790
KOSPI,키움증권,039490,299500,753.3,79150.9,70.8,13.52,3544.9718,101.10269,1.19,14.31,17.45,3,"MACD↑, 상승구조, MACD>0",-0.0083,False,False,True,False,1.6,True,True,True,True,45.1,30.6,271560,287020,299390,255910
KOSDAQ,파두,440110,24550,183.78,12140.4,61.5,8.39,-60.2953,54.66028,-0.25,14.19,6.97,3,"RSI 45~65, MACD↑, 상승구조",-0.0565,False,False,True,False,2.1,True,True,True,True,45.1,30.6,23590,25480,26990,21970
KOSPI,삼성에스디에스,018260,168400,700.32,130304.2,49.0,0.52,280.6125,-391.21294,1.28,2.87,0.48,6,"RSI 45~65, MA20근접, 거래량↑, 상승구조, MACD>0, 5d<10%",-0.1353,False,False,False,True,1.45,True,False,True,True,44.0,29.6,168400,174740,179800,162500
KOSDAQ,비츠로테크,042370,8800,56.23,2305.6,47.3,0.46,10.2956,-21.86668,1.81,-1.68,-0.45,6,"RSI 45~65, MA20근접, 거래량↑, 상승구조, MACD>0, 5d<10%",-0.1319,False,False,False,True,1.57,True,False,True,True,44.0,29.6,8800,9140,9420,8500
KOSPI,SK스퀘어,402340,281000,1608.49,372439.8,64.0,13.7,665.1331,-194.21104,-0.12,11.07,9.13,3,"RSI 45~65, 상승구조, MACD>0",0.1311,False,False,False,False,1.78,True,True,True,True,42.5,28.2,256180,274250,288710,239730
KOSPI,한온시스템,018880,4125,362.36,27999.0,84.3,16.42,78.7112,-10.71615,2.4,6.87,20.97,4,"거래량↑, 상승구조, MACD>0, 5d<10%",0.1229,False,False,False,True,1.22,False,False,True,True,42.1,27.9,3670,3910,4110,3440
KOSPI,HD현대건설기계,267270,103300,461.9,17930.4,56.5,3.86,952.6115,-660.14518,0.96,-10.1,9.66,5,"RSI 45~65, MA20근접, 상승구조, MACD>0, 5d<10%",-0.0946,False,False,False,True,1.7,True,False,True,True,41.8,27.6,102830,109560,114950,96480
KOSDAQ,에이비엘바이오,298380,93000,449.47,51266.4,48.3,2.6,554.9609,119.48021,-0.3,9.41,7.76,5,"RSI 45~65, MACD↑, MA20근접, MACD>0, 5d<10%",-0.1534,False,True,True,False,1.18,False,False,False,True,41.8,27.6,92810,97140,100600,87930
KOSDAQ,와이씨,232140,14400,290.05,11814.5,40.0,0.33,-175.2334,40.76561,1.78,3.6,-5.88,5,"MACD↑, MA20근접, 거래량↑, 상승구조, 5d<10%",-0.1163,False,False,False,True,2.24,True,False,True,True,41.8,27.6,14400,15170,15790,13920
KOSPI,HL만도,204320,36450,196.41,17115.9,70.0,3.96,230.9478,-78.35242,1.77,0.83,6.73,5,"MA20근접, 거래량↑, 상승구조, MACD>0, 5d<10%",-0.1091,False,False,False,True,1.39,True,False,True,True,41.8,27.6,35720,37040,38100,34010
KOSDAQ,필옵틱스,161580,40100,160.35,9384.5,50.7,3.83,41.719,-24.33225,-0.21,7.8,2.43,5,"RSI 45~65, MA20근접, 상승구조, MACD>0, 5d<10%",-0.072,False,False,True,False,1.98,True,False,True,True,41.8,27.6,39670,41760,43440,37460
KOSDAQ,루미르,474170,9030,100.27,1600.8,46.6,-0.19,-48.4066,-6.62008,3.06,-2.27,1.57,5,"RSI 45~65, MA20근접, 거래량↑, 상승구조, 5d<10%",-0.1324,False,False,False,True,1.79,True,False,True,True,41.8,27.6,9030,9410,9720,8780
KOSPI,삼성화재우,000815,338500,56.32,10491.8,46.8,-0.58,-385.5449,-13.94185,1.75,-1.17,-0.29,5,"RSI 45~65, MA20근접, 거래량↑, 상승구조, 5d<10%",-0.1519,False,False,True,True,0.69,False,False,False,True,41.8,27.6,338500,345250,350650,330260
KOSDAQ,GST,083450,25600,52.43,4718.1,50.4,3.35,-93.1762,9.10709,-0.79,6.89,-2.1,5,"RSI 45~65, MACD↑, MA20근접, 상승구조, 5d<10%",-0.0443,False,False,True,False,1.66,True,False,True,True,41.8,27.6,25390,26640,27640,24030
KOSPI,한진칼,180640,114500,179.7,76442.8,84.6,13.07,2198.4217,322.62442,0.76,14.84,14.73,2,"MACD↑, MACD>0",-0.0419,False,False,True,True,0.95,False,False,True,True,40.3,26.3,103560,108150,111830,98230
KOSPI,SK,034730,247500,466.53,179444.2,68.2,9.21,2270.0103,-159.82933,-0.41,7.61,13.27,3,"상승구조, MACD>0, 5d<10%",0.0034,False,False,True,False,1.23,False,False,True,True,39.9,25.9,232270,243550,252580,219830
KOSPI,HD현대마린엔진,071970,99300,361.31,33684.0,70.8,8.94,847.2704,-146.8027,-0.09,1.74,8.29,3,"상승구조, MACD>0, 5d<10%",0.0399,False,False,True,False,0.87,False,False,True,True,39.9,25.9,93650,98630,102620,88420
KOSPI,KCC,002380,444000,101.14,39455.9,73.3,11.48,6678.0686,-331.56864,-0.62,7.38,12.83,3,"상승구조, MACD>0, 5d<10%",0.0388,False,False,True,False,1.0,False,False,True,True,39.9,25.9,405850,420990,433100,386330
KOSPI,두산밥캣,241560,63100,368.96,60485.2,67.0,7.2,527.012,-106.48361,1.73,3.61,6.59,4,"거래량↑, 상승구조, MACD>0, 5d<10%",-0.0238,False,False,False,True,1.54,True,False,True,True,39.6,25.6,59980,62240,64040,57090
KOSDAQ,인벤티지랩,389470,47950,176.61,5931.0,62.6,11.9,780.2909,138.21663,-0.09,15.54,27.53,4,"RSI 45~65, MACD↑, 상승구조, MACD>0",-0.1156,False,False,True,False,1.61,True,False,True,True,39.6,25.6,44550,47950,50670,41560
KOSPI,화신,010690,8640,125.3,3017.1,72.8,3.68,61.2477,-25.81292,2.24,-0.58,2.61,4,"MA20근접, 거래량↑, MACD>0, 5d<10%",-0.0758,False,False,False,True,1.49,True,False,True,True,39.6,25.6,8520,8880,9180,8080
KOSDAQ,엘티씨,170920,21700,66.54,2215.6,60.6,14.76,250.8705,65.94207,-0.36,15.36,30.33,4,"RSI 45~65, MACD↑, 상승구조, MACD>0",-0.0876,False,False,True,False,1.89,True,False,True,True,39.6,25.6,19700,21270,22530,18340
KOSDAQ,쓰리빌리언,394800,8800,60.46,2791.5,64.9,7.16,6.5995,-9.81921,-0.46,6.54,1.38,4,"RSI 45~65, 상승구조, MACD>0, 5d<10%",-0.0634,False,False,True,False,2.4,True,False,True,True,39.6,25.6,8540,9190,9710,7970
KOSPI,서연이화,200880,12800,59.32,3459.6,77.3,7.7,116.8659,-30.07157,1.34,-1.08,7.11,4,"거래량↑, 상승구조, MACD>0, 5d<10%",-0.0241,False,False,False,True,1.35,True,False,True,True,39.6,25.6,12170,12740,13200,11530
KOSPI,OCI홀딩스,010060,117100,180.81,22032.3,85.6,18.47,2605.4339,-197.66381,-0.15,15.14,16.4,2,"상승구조, MACD>0",0.0491,False,False,True,False,1.24,False,False,True,True,37.7,23.9,101440,106630,110790,95880
KOSPI,HD한국조선해양,009540,461500,1395.63,326617.9,66.2,7.05,3039.6089,-573.45275,0.67,3.48,9.23,3,"상승구조, MACD>0, 5d<10%",-0.0274,False,False,True,False,1.32,True,False,True,True,37.4,23.7,440840,460270,475810,418190
KOSPI,포스코인터내셔널,047050,56100,895.64,98692.7,70.4,6.77,560.3483,-242.4784,0.88,-6.19,8.51,3,"상승구조, MACD>0, 5d<10%",-0.0584,False,False,False,True,1.44,True,False,True,True,37.4,23.7,54000,56910,59250,50970
KOSPI,SKC,011790,116100,874.71,43965.1,64.6,7.83,1323.7684,-317.70122,0.76,10.36,7.4,3,"RSI 45~65, 상승구조, MACD>0",-0.0256,False,False,False,True,1.38,True,False,True,True,37.4,23.7,110650,116630,121420,104440
KOSPI,한화,000880,98200,584.6,73609.5,65.5,10.01,1423.477,-249.00143,0.87,3.48,17.75,3,"상승구조, MACD>0, 5d<10%",-0.0279,False,False,False,True,1.32,True,False,True,True,37.4,23.7,92250,98230,103020,86590
KOSPI,LG이노텍,011070,228500,423.03,54079.3,75.8,11.33,1696.1444,-223.57352,0.04,5.79,15.4,3,"상승구조, MACD>0, 5d<10%",-0.0174,False,False,True,False,2.3,True,False,True,True,37.4,23.7,209820,218960,226280,199090
KOSDAQ,테크윙,089030,65700,293.33,24541.3,57.8,4.95,-478.2781,-100.43627,-1.31,6.48,6.48,3,"RSI 45~65, 상승구조, 5d<10%",-0.0542,False,False,True,False,2.23,True,False,True,True,37.4,23.7,64740,69030,72470,60720
KOSDAQ,리노공업,058470,58200,289.29,44355.3,72.3,3.99,-102.0419,-23.95616,-0.33,1.22,0.87,3,"MA20근접, 상승구조, 5d<10%",-0.0402,False,False,True,False,1.91,True,False,True,True,37.4,23.7,57110,59390,61220,54290
KOSPI,SK바이오팜,326030,113400,242.86,88807.2,67.8,7.28,1243.907,-112.97881,0.39,6.68,10.31,3,"상승구조, MACD>0, 5d<10%",-0.0845,False,False,True,False,1.59,True,False,True,True,37.4,23.7,107520,111160,114070,102530
KOSPI,코리아써키트,007810,19960,124.84,4714.7,51.5,6.08,-18.7382,-28.96714,-0.85,1.11,7.54,3,"RSI 45~65, 상승구조, 5d<10%",-0.0503,False,False,True,False,2.69,True,False,True,True,37.4,23.7,19540,20980,22140,18250
KOSDAQ,모티브링크,463480,10300,92.1,1276.2,68.9,6.16,28.5898,-33.20791,0.45,-4.63,-4.19,3,"상승구조, MACD>0, 5d<10%",-0.0291,False,False,False,True,3.64,True,False,True,True,37.4,23.7,10080,10850,11450,9410
KOSPI,HD현대에너지솔루션,322000,58000,62.54,6496.0,72.2,15.77,1168.1029,-88.3054,-0.26,8.41,17.05,3,"상승구조, MACD>0, 5d<10%",-0.036,False,False,True,False,1.41,True,False,True,True,37.4,23.7,51670,54810,57320,48590
KOSDAQ,클로봇,466100,40950,1438.68,10234.3,61.5,9.59,-511.1493,65.50949,-0.29,5.54,-4.1,4,"RSI 45~65, MACD↑, 상승구조, 5d<10%",0.0886,False,False,False,False,4.12,True,False,True,True,37.0,23.3,39010,42310,44950,36240
KOSDAQ,지엔씨에너지,119850,39300,561.95,6464.4,59.8,10.39,478.7677,-93.49586,0.37,3.97,-0.25,4,"RSI 45~65, 상승구조, MACD>0, 5d<10%",0.0837,False,False,False,False,1.42,True,False,True,True,37.0,23.3,37390,40960,43820,34530
KOSDAQ,심텍,222800,61600,400.38,21400.6,64.2,18.68,509.902,-74.2832,-0.95,4.94,21.5,4,"RSI 45~65, 상승구조, MACD>0, 5d<10%",0.2592,False,False,False,False,2.6,True,False,True,True,37.0,23.3,54250,58940,62700,50350
KOSDAQ,두산테스나,131970,51700,270.93,9992.2,60.3,8.95,-115.3964,74.40903,0.17,7.82,-2.64,4,"RSI 45~65, MACD↑, 상승구조, 5d<10%",0.0736,False,False,False,False,1.57,True,False,True,True,37.0,23.3,49170,52590,55320,46030
KOSDAQ,한스바이오메드,042520,27250,223.12,3685.9,61.5,13.24,75.8608,-401.69971,-0.6,-19.38,7.71,4,"RSI 45~65, 상승구조, MACD>0, 5d<10%",0.2794,False,False,False,False,1.7,True,False,True,True,37.0,23.3,26210,30500,33930,23340
KOSDAQ,한국피아이엠,448900,26700,122.6,1603.2,47.7,8.59,74.6379,-186.59969,-0.54,2.89,12.66,4,"RSI 45~65, 상승구조, MACD>0, 5d<10%",0.3785,False,False,False,False,7.86,True,False,True,True,37.0,23.3,25880,28450,30510,23850
KOSDAQ,코미코,183300,113300,99.84,11852.0,53.2,1.61,-1106.1486,-254.8822,-0.51,-2.5,-3.16,4,"RSI 45~65, MA20근접, 상승구조, 5d<10%",0.0237,False,False,False,False,1.54,True,False,True,True,37.0,23.3,113300,120240,125780,108160
KOSDAQ,재영솔루텍,049630,1021,80.36,1039.3,56.8,6.9,21.1931,-15.36527,-0.28,-9.81,16.55,4,"RSI 45~65, 상승구조, MACD>0, 5d<10%",0.0202,False,False,False,False,4.73,True,False,True,True,37.0,23.3,1000,1100,1180,930
KOSDAQ,엔젤로보틱스,455900,29400,65.99,4463.8,60.6,3.67,-172.6109,-89.46547,-0.41,-1.84,-8.41,4,"RSI 45~65, MA20근접, 상승구조, 5d<10%",0.0361,False,False,False,False,2.17,True,False,True,True,37.0,23.3,29400,31600,33370,27510
KOSPI,엔씨소프트,036570,221500,240.08,47720.0,54.6,4.58,1218.6036,498.38069,0.25,8.85,5.23,5,"RSI 45~65, MACD↑, 상승구조, MACD>0, 5d<10%",-0.1583,False,False,True,False,1.35,True,False,False,True,36.6,22.9,215710,223520,229770,205450
KOSDAQ,솔브레인,357780,285000,153.3,22168.9,47.2,0.39,-1838.1688,375.68039,0.63,4.2,-1.04,5,"RSI 45~65, MACD↑, MA20근접, 상승구조, 5d<10%",-0.1739,False,False,True,False,1.42,True,False,False,True,36.6,22.9,285000,298210,308790,275380
KOSDAQ,코리아에프티,123410,6040,114.43,1681.6,50.0,-1.19,1.7852,-12.48108,3.2,-0.17,-3.97,5,"RSI 45~65, 거래량↑, 상승구조, MACD>0, 5d<10%",-0.1766,False,False,False,True,1.92,True,False,False,True,36.6,22.9,6040,6350,6600,5930
KOSDAQ,알테오젠,196170,472000,1618.34,252547.3,54.5,3.79,3138.6132,188.5753,0.12,4.19,9.26,6,"RSI 45~65, MACD↑, MA20근접, 상승구조, MACD>0, 5d<10%",-0.1189,False,False,True,False,1.18,False,False,True,True,36.3,22.7,463360,480540,494290,441130
KOSPI,HD현대인프라코어,042670,15750,838.09,29744.1,53.0,0.89,127.801,-109.07729,2.12,-7.3,5.49,6,"RSI 45~65, MA20근접, 거래량↑, 상승구조, MACD>0, 5d<10%",-0.1436,False,False,False,True,1.12,False,False,True,True,36.3,22.7,15750,16740,17530,15140
KOSDAQ,실리콘투,257720,45650,620.32,27925.0,48.1,2.07,134.819,91.37992,1.71,0.0,6.04,6,"RSI 45~65, MACD↑, MA20근접, 거래량↑, MACD>0, 5d<10%",-0.1336,False,False,False,True,0.99,False,False,True,True,36.3,22.7,45650,47590,49150,43380
KOSPI,세방전지,004490,65100,57.57,9114.0,56.3,0.66,43.4735,-48.25351,1.24,0.46,0.62,6,"RSI 45~65, MA20근접, 거래량↑, 상승구조, MACD>0, 5d<10%",-0.1306,False,False,True,False,0.99,False,False,True,True,36.3,22.7,65100,67010,68530,62730
KOSDAQ,셀트리온제약,068760,63000,241.15,27517.9,74.0,10.83,890.3108,-70.19676,1.01,11.31,12.9,2,"상승구조, MACD>0",-0.0428,False,False,False,True,1.6,True,False,True,True,35.2,21.7,58140,60730,62810,55140
KOSPI,LG에너지솔루션,373220,486500,3613.63,1138410.0,81.9,15.71,9322.8343,-2779.32568,0.8,8.72,15.7,3,"상승구조, MACD>0, 5d<10%",0.143,False,False,False,False,2.15,True,False,True,True,34.8,21.3,432750,457360,477050,407840
KOSDAQ,에코프로,086520,89200,2628.81,121112.3,78.8,32.17,2932.0405,-847.19423,0.05,9.45,54.59,3,"상승구조, MACD>0, 5d<10%",0.5122,False,False,False,False,2.12,True,False,True,True,34.8,21.3,71180,78570,84480,65460
KOSPI,포스코퓨처엠,003670,220000,2146.0,195681.7,79.3,17.62,4436.698,-2172.30123,0.19,8.11,14.88,3,"상승구조, MACD>0, 5d<10%",0.2807,False,False,False,False,1.98,True,False,True,True,34.8,21.3,195580,212670,226350,181430
KOSDAQ,에코프로비엠,247540,162600,1490.6,159025.0,78.8,13.95,2524.8245,-1332.09476,-0.25,2.01,13.71,3,"상승구조, MACD>0, 5d<10%",0.147,False,False,False,False,1.92,True,False,True,True,34.8,21.3,148360,159670,168720,138420
KOSPI,한국전력,015760,42950,1327.4,275723.6,70.6,7.05,390.219,-187.87275,-0.18,1.9,6.84,3,"상승구조, MACD>0, 5d<10%",0.0133,False,False,False,False,1.51,True,False,True,True,34.8,21.3,41240,43460,45240,38920
KOSDAQ,삼영엠텍,054540,18400,673.63,2392.0,75.3,20.61,267.2966,-161.96494,-0.33,-8.91,25.43,3,"상승구조, MACD>0, 5d<10%",0.3034,False,False,False,False,4.68,True,False,True,True,34.8,21.3,16490,18960,20930,14800
KOSPI,에코프로머티,450080,64300,618.69,44966.5,73.6,10.78,630.8497,-417.1529,-0.07,-1.68,1.42,3,"상승구조, MACD>0, 5d<10%",0.075,False,False,False,False,1.93,True,False,True,True,34.8,21.3,60510,65440,69390,56300
KOSPI,코스모신소재,005070,56500,611.56,18368.6,75.0,13.69,948.234,-484.02288,-0.35,0.71,16.02,3,"상승구조, MACD>0, 5d<10%",0.1044,False,False,False,False,2.19,True,False,True,True,34.8,21.3,52160,57080,61020,48200
KOSDAQ,휴림로봇,090710,6040,453.98,7215.2,83.2,28.17,102.759,-40.04411,-0.75,0.67,44.67,3,"상승구조, MACD>0, 5d<10%",0.5616,False,False,False,False,3.04,True,False,True,True,34.8,21.3,5030,5660,6170,4570
KOSPI,디아이,003160,23500,440.3,6650.5,64.7,10.56,-13.6278,-81.60203,-0.4,-1.26,6.09,3,"RSI 45~65, 상승구조, 5d<10%",0.2561,False,False,False,False,3.12,True,False,True,True,34.8,21.3,22370,24600,26390,20620
KOSPI,이수화학,005950,10780,277.3,2834.5,74.2,47.19,608.4975,-133.90355,0.09,9.89,94.94,3,"상승구조, MACD>0, 5d<10%",0.6557,False,False,False,False,1.55,True,False,True,True,34.8,21.3,7890,9020,9920,7100
KOSDAQ,티엘비,356860,66800,276.12,6568.2,54.7,5.15,-656.0663,-313.47043,-0.89,-6.7,-0.74,3,"RSI 45~65, 상승구조, 5d<10%",0.1579,False,False,False,False,2.38,True,False,True,True,34.8,21.3,66480,72390,77120,61620
KOSDAQ,보로노이,310210,195300,266.34,35921.8,61.5,12.15,2636.5164,-761.61887,-0.16,14.61,22.52,3,"RSI 45~65, 상승구조, MACD>0",0.0702,False,False,False,False,1.67,True,False,True,True,34.8,21.3,181450,196080,207780,168910
KOSDAQ,로보로보,215100,9680,256.07,1969.7,81.0,19.38,140.0747,-67.08578,-0.55,1.68,36.34,3,"상승구조, MACD>0, 5d<10%",0.2253,False,False,False,False,4.57,True,False,True,True,34.8,21.3,8630,9680,10520,7870
KOSPI,포스코DX,022100,26850,253.97,40821.3,81.7,11.63,462.8166,-154.25202,-0.02,2.29,16.74,3,"상승구조, MACD>0, 5d<10%",0.0295,False,False,False,False,3.35,True,False,True,True,34.8,21.3,24800,26290,27490,23330
KOSDAQ,신성에스티,416180,44900,201.79,4058.9,65.5,8.12,458.1869,-297.5249,0.59,8.06,-6.46,3,"상승구조, MACD>0, 5d<10%",0.0818,False,False,False,False,1.52,True,False,True,True,34.8,21.3,43600,47750,51060,40280
KOSDAQ,한중엔시에스,107640,47600,177.05,4314.9,68.0,11.0,562.0009,-383.63619,0.18,4.27,0.74,3,"상승구조, MACD>0, 5d<10%",0.1502,False,False,False,False,1.53,True,False,True,True,34.8,21.3,45050,49380,52850,41600
KOSDAQ,나인테크,267320,4120,172.91,2352.7,71.1,11.34,65.2725,-30.37552,-0.01,3.39,12.11,3,"상승구조, MACD>0, 5d<10%",0.0987,False,False,False,False,2.3,True,False,True,True,34.8,21.3,3840,4130,4350,3590
KOSDAQ,하이젠알앤엠,160190,56100,162.42,17328.2,59.6,4.82,-545.6962,-126.57979,-0.54,3.12,-12.48,3,"RSI 45~65, 상승구조, 5d<10%",0.1291,False,False,False,False,2.73,True,False,True,True,34.8,21.3,56010,61000,64990,51910
KOSDAQ,피엔티,137400,44350,160.03,10530.1,76.6,10.78,687.14,-267.61131,-0.06,4.6,12.99,3,"상승구조, MACD>0, 5d<10%",0.0222,False,False,False,False,1.83,True,False,True,True,34.8,21.3,41410,44160,46370,38830
KOSDAQ,로킷헬스케어,376900,35300,154.09,5457.3,59.1,11.37,-185.1134,-165.74799,-0.94,-5.74,2.62,3,"RSI 45~65, 상승구조, 5d<10%",0.4806,False,False,False,False,5.73,True,False,True,True,34.8,21.3,33590,37390,40420,30750
KOSDAQ,제닉스로보틱스,381620,15850,147.14,2079.2,60.3,4.97,-124.1408,-120.83037,-0.7,-12.58,-0.06,3,"RSI 45~65, 상승구조, 5d<10%",0.0684,False,False,False,False,3.9,True,False,True,True,34.8,21.3,15850,17670,19130,14650
KOSDAQ,보성파워텍,006910,5380,146.25,2643.2,43.5,2.55,-31.3442,-15.13995,-0.43,-0.55,-4.61,3,"MA20근접, 상승구조, 5d<10%",0.0065,False,False,False,False,2.6,True,False,True,True,34.8,21.3,5380,5750,6040,5090
KOSDAQ,나노신소재,121600,68300,93.66,8340.2,81.8,21.48,1973.1175,-463.19129,-0.19,8.93,31.35,3,"상승구조, MACD>0, 5d<10%",0.206,False,False,False,False,1.43,True,False,True,True,34.8,21.3,58250,62290,65520,54540
KOSPI,코스모화학,005420,19700,85.9,7566.4,77.2,11.27,307.9445,-133.2723,-0.11,1.49,11.3,3,"상승구조, MACD>0, 5d<10%",0.0265,False,False,False,False,2.1,True,False,True,True,34.8,21.3,18370,19710,20780,17170
KOSDAQ,새빗켐,107600,35050,84.73,1973.3,70.3,9.37,472.1756,-419.07927,-0.66,0.14,0.72,3,"상승구조, MACD>0, 5d<10%",0.1046,False,False,False,False,2.56,True,False,True,True,34.8,21.3,34470,39330,43210,31090
KOSDAQ,덕산테코피아,317330,21250,69.14,4351.3,69.5,8.82,378.8686,-235.15448,0.15,-9.57,16.25,3,"상승구조, MACD>0, 5d<10%",0.0439,False,False,False,False,1.51,True,False,True,True,34.8,21.3,20250,21710,22870,18940
KOSDAQ,나이벡,138610,38850,67.24,4393.2,44.7,0.57,-529.9831,-117.41707,-0.89,-2.51,-15.17,3,"MA20근접, 상승구조, 5d<10%",0.2153,False,False,False,False,2.69,True,False,True,True,34.8,21.3,38850,42880,46100,37470
KOSDAQ,해성에어로보틱스,059270,9510,60.09,1061.8,57.2,4.8,-61.946,-54.60427,-0.61,-3.45,-3.26,3,"RSI 45~65, 상승구조, 5d<10%",0.2164,False,False,False,False,2.84,True,False,True,True,34.8,21.3,9510,10600,11470,8800
KOSPI,동양,001520,886,51.59,2114.7,52.4,-8.19,-20.2295,-5.58267,-0.84,-12.02,-16.42,3,"RSI 45~65, 상승구조, 5d<10%",0.1795,False,False,False,False,1.79,True,False,True,True,34.8,21.3,910,1020,1120,940
KOSDAQ,뉴로핏,380550,21700,848.79,2507.2,59.4,5.92,-232.9186,80.11201,0.18,3.58,9.49,4,"RSI 45~65, MACD↑, 상승구조, 5d<10%",-0.1182,False,False,False,False,3.61,True,True,True,True,34.4,21.0,21640,23950,25800,19870
KOSDAQ,엘앤씨바이오,290650,53500,315.26,13171.1,53.7,4.88,-104.0752,129.71324,-0.25,4.7,1.52,4,"RSI 45~65, MACD↑, 상승구조, 5d<10%",-0.2477,False,True,False,False,1.86,True,False,False,True,34.4,21.0,52800,56380,59250,49480
KOSDAQ,삼천당제약,000250,221000,285.93,51841.0,58.4,5.39,1477.9943,325.70619,-0.21,10.22,7.54,4,"RSI 45~65, MACD↑, 상승구조, MACD>0",-0.1695,False,False,True,False,1.4,True,False,False,True,34.4,21.0,215070,225830,234440,203400
KOSPI,제일기획,030000,20250,107.53,23295.8,46.5,-0.5,-15.2098,-10.59616,1.17,-0.25,-0.98,4,"RSI 45~65, MA20근접, 상승구조, 5d<10%",-0.1711,False,False,True,False,1.36,True,False,False,True,34.4,21.0,20250,20600,20890,19740
KOSPI,JB금융지주,175330,22850,95.64,43685.3,54.3,0.74,-22.0989,61.63866,0.61,2.01,-1.3,4,"RSI 45~65, MACD↑, MA20근접, 5d<10%",-0.1617,False,False,True,False,1.53,True,False,False,True,34.4,21.0,22850,23560,24140,22000
KOSPI,에이피알,278470,253500,1616.84,94886.7,47.7,3.56,-453.9347,842.6853,0.9,4.54,4.54,5,"RSI 45~65, MACD↑, MA20근접, 상승구조, 5d<10%",-0.0367,False,False,True,False,1.19,False,False,True,True,34.1,20.7,250880,263100,272870,237430
KOSPI,신한지주,055550,73300,1168.41,355867.8,54.5,1.4,3.2054,-102.64944,0.54,0.0,0.83,5,"RSI 45~65, MA20근접, 상승구조, MACD>0, 5d<10%",-0.1081,False,False,True,False,1.17,False,False,True,True,34.1,20.7,73300,75690,77610,70120
KOSPI,KB금융,105560,115800,1088.53,441733.1,56.2,0.65,25.163,-37.22048,-0.07,0.87,1.85,5,"RSI 45~65, MA20근접, 상승구조, MACD>0, 5d<10%",-0.1395,False,False,True,False,0.74,False,False,True,True,34.1,20.7,115800,119490,122450,111600
KOSPI,현대글로비스,086280,171000,382.47,128250.0,59.2,2.81,859.7078,102.19886,0.67,1.54,1.97,5,"RSI 45~65, MACD↑, MA20근접, MACD>0, 5d<10%",-0.1447,False,False,True,False,0.68,False,False,True,True,34.1,20.7,169370,175480,180370,161330
KOSPI,삼성증권,016360,77600,377.1,69296.8,61.4,3.52,181.8714,-74.5938,0.72,2.51,2.65,5,"RSI 45~65, MA20근접, 상승구조, MACD>0, 5d<10%",-0.0897,False,False,True,False,1.11,False,False,True,True,34.1,20.7,76290,78950,81070,72710
KOSPI,에스엘,005850,35450,140.78,16466.0,57.4,0.37,-42.9604,-55.13203,2.22,-1.8,-3.27,5,"RSI 45~65, MA20근접, 거래량↑, 상승구조, 5d<10%",-0.1446,False,False,False,True,1.09,False,False,True,True,34.1,20.7,35450,36860,37990,34260
KOSPI,한미반도체,042700,143500,3185.41,136773.0,70.4,10.22,-697.5309,-531.67882,-0.02,-4.01,-2.05,2,"상승구조, 5d<10%",0.2952,False,False,False,False,2.66,True,False,True,True,32.6,19.3,135210,145240,153260,126290
KOSPI,파미셀,005690,17250,774.04,10352.9,75.2,26.17,520.3351,-28.46454,-0.0,21.56,38.89,2,"상승구조, MACD>0",0.1902,False,False,False,False,2.65,True,False,True,True,32.6,19.3,14250,15400,16320,13260
KOSDAQ,온코닉테라퓨틱스,476060,17630,319.33,1959.0,32.9,-1.96,-426.3715,-117.29108,-0.22,-8.79,-2.87,2,"상승구조, 5d<10%",0.1344,False,False,False,False,5.22,True,False,True,True,32.6,19.3,17630,19740,21440,17440
KOSDAQ,천보,278280,71200,108.58,7120.0,78.5,29.41,2576.193,-672.07498,0.1,21.71,44.57,2,"상승구조, MACD>0",0.387,False,False,False,False,2.17,True,False,True,True,32.6,19.3,57830,63460,67960,53370
KOSDAQ,피앤에스로보틱스,460940,20300,108.1,1332.8,69.2,22.2,500.3573,-22.25101,-0.14,26.95,26.01,2,"상승구조, MACD>0",0.1254,False,False,False,False,4.71,True,False,True,True,32.6,19.3,17500,19270,20690,16110
KOSDAQ,중앙첨단소재,051980,3845,64.73,4271.5,77.5,27.29,136.147,-27.49509,-0.54,28.81,26.27,2,"상승구조, MACD>0",0.2882,False,False,False,False,3.51,True,False,True,True,32.6,19.3,3210,3590,3890,2930
KOSDAQ,플리토,300080,15820,59.31,2611.2,67.5,17.62,300.031,-87.67724,-0.15,11.02,8.36,2,"상승구조, MACD>0",0.2534,False,False,False,False,1.8,True,False,True,True,32.6,19.3,14090,15380,16410,13050
KOSPI,STX엔진,077970,35700,456.57,14332.9,38.3,-6.15,-219.6564,-83.8734,2.22,-5.8,-6.05,3,"거래량↑, 상승구조, 5d<10%",-0.2401,False,False,False,True,1.77,True,False,False,True,32.2,19.0,36910,39170,40980,36900
KOSPI,일동제약,249420,22450,184.93,7102.8,32.2,-8.58,-140.931,16.88983,-0.48,8.98,-0.88,3,"MACD↑, 상승구조, 5d<10%",-0.2552,False,True,False,False,1.49,True,False,False,True,32.2,19.0,23760,25350,26620,23820
KOSPI,SNT다이내믹스,003570,55600,153.54,18488.5,23.7,-15.37,-1038.294,-344.02264,3.45,-15.11,-12.16,3,"거래량↑, 상승구조, 5d<10%",-0.354,False,False,False,True,1.73,True,False,False,True,32.2,19.0,63970,67430,70200,63730
KOSDAQ,제이브이엠,054950,28050,133.33,3391.2,34.4,-8.89,-94.6895,-265.35421,3.52,-10.95,-7.43,3,"거래량↑, 상승구조, 5d<10%",-0.2278,False,False,False,True,1.31,True,False,False,True,32.2,19.0,30100,31480,32580,29860
KOSDAQ,PS일렉트로닉스,332570,5450,89.66,2386.5,49.8,-6.2,-83.1853,-24.25225,-0.74,-10.51,-5.55,3,"RSI 45~65, 상승구조, 5d<10%",-0.2676,False,True,False,False,3.03,True,False,False,True,32.2,19.0,5590,6030,6380,5640
KOSDAQ,토모큐브,475960,40050,76.86,5308.3,19.6,-10.95,-801.2709,65.94837,-1.31,-0.99,-11.3,3,"MACD↑, 상승구조, 5d<10%",-0.3382,False,True,False,False,1.4,True,False,False,True,32.2,19.0,43700,46250,48280,43630
KOSDAQ,헥토파이낸셜,234340,16560,54.37,2313.5,42.5,-2.59,-11.7945,12.18895,-0.33,3.24,-2.59,3,"MACD↑, 상승구조, 5d<10%",-0.2397,False,True,False,False,3.68,True,False,False,True,32.2,19.0,16640,17360,17940,16490
KOSPI,KBI동양철관,008970,2490,443.96,1989.5,77.2,2.13,28.1741,-7.70749,3.77,-1.46,2.51,4,"MA20근접, 거래량↑, MACD>0, 5d<10%",-0.1472,False,False,False,True,1.09,False,False,True,True,31.9,18.7,2490,2670,2810,2360
KOSPI,한전KPS,051600,51100,132.21,22995.0,64.8,2.34,295.7365,-134.48333,0.32,0.2,1.59,4,"RSI 45~65, MA20근접, MACD>0, 5d<10%",-0.1106,False,False,True,False,0.93,False,False,True,True,31.9,18.7,50740,52350,53650,48430
KOSPI,한국가스공사,036460,42150,116.9,38909.9,80.4,4.0,286.2034,-92.26046,0.03,-0.59,4.46,4,"MA20근접, 상승구조, MACD>0, 5d<10%",-0.0856,False,False,True,False,1.11,False,False,True,True,31.9,18.7,41040,42050,42860,39520
KOSPI,금호석유화학,011780,115400,99.8,30040.6,67.7,3.73,693.8007,-264.17218,-0.31,0.17,3.87,4,"MA20근접, 상승구조, MACD>0, 5d<10%",-0.0674,False,False,True,False,1.24,False,False,True,True,31.9,18.7,112670,115500,117770,108410
KOSDAQ,우진엔텍,457550,24550,93.92,2276.1,53.6,2.31,219.6828,-108.98564,1.04,1.03,1.45,4,"RSI 45~65, MA20근접, MACD>0, 5d<10%",-0.1276,False,False,False,True,1.29,False,False,True,True,31.9,18.7,24550,26140,27420,23280
KOSPI,씨에스윈드,112610,44400,93.78,18724.1,57.5,2.27,260.6842,-74.52169,0.19,2.66,-0.67,4,"RSI 45~65, MA20근접, MACD>0, 5d<10%",-0.1361,False,False,True,False,0.88,False,False,True,True,31.9,18.7,44110,45500,46620,42110
KOSPI,미래에셋증권2우B,00680K,10830,87.77,14891.2,62.7,8.57,73.7434,-2.54043,-0.01,8.84,9.62,4,"RSI 45~65, 상승구조, MACD>0, 5d<10%",-0.0002,False,False,True,False,1.27,False,False,True,True,31.9,18.7,10240,10770,11190,9680
KOSDAQ,비에이치아이,083650,51900,608.36,16060.1,45.5,2.19,102.728,9.88871,-0.24,7.45,-0.38,6,"RSI 45~65, MACD↑, MA20근접, 상승구조, MACD>0, 5d<10%",-0.0571,False,False,False,False,1.47,True,False,True,True,31.1,18.0,51900,55390,58170,49260
KOSPI,SNT에너지,100840,53600,437.45,11084.9,45.5,2.61,437.992,94.05105,2.79,6.99,7.31,6,"RSI 45~65, MACD↑, MA20근접, 거래량↑, MACD>0, 5d<10%",-0.1554,False,False,False,True,1.15,False,False,False,True,31.1,18.0,53600,57170,60030,50670
KOSPI,아모레퍼시픽,090430,121700,427.78,71185.7,54.3,1.05,372.7106,58.37489,1.58,1.93,2.7,6,"RSI 45~65, MACD↑, MA20근접, 거래량↑, MACD>0, 5d<10%",-0.1764,False,False,False,True,1.07,False,False,False,True,31.1,18.0,121700,124370,126510,117690
KOSDAQ,지투지바이오,456160,176900,479.83,9587.1,40.2,-4.44,-2378.8366,585.44845,-0.67,-1.56,2.85,2,"MACD↑, 5d<10%",-0.2811,False,True,False,False,1.75,True,False,False,True,30.0,17.0,178200,192030,203090,179560
KOSPI,카카오,035720,63500,3361.93,280872.0,52.8,4.78,646.433,-51.67695,0.73,7.63,8.36,3,"RSI 45~65, MACD>0, 5d<10%",-0.1466,False,False,False,True,1.12,False,False,True,True,29.7,16.7,61960,64660,66820,58790
KOSPI,POSCO홀딩스,005490,319500,1863.41,258580.8,84.2,8.9,4339.892,-847.59625,0.91,3.73,11.52,3,"상승구조, MACD>0, 5d<10%",-0.0343,False,False,True,False,1.15,False,False,True,True,29.7,16.7,299260,310970,320340,284600
KOSPI,LG,003550,82700,246.83,127541.3,87.5,8.6,1018.4268,-132.7427,-0.36,2.35,11.61,3,"상승구조, MACD>0, 5d<10%",-0.0572,False,False,True,False,1.15,False,False,True,True,29.7,16.7,77360,79780,81720,73870
KOSPI,대신증권,003540,28850,114.54,14648.1,65.2,5.03,154.1147,-12.46058,0.62,2.12,5.48,3,"상승구조, MACD>0, 5d<10%",-0.063,False,False,True,False,0.81,False,False,True,True,29.7,16.7,28010,29100,29970,26640
KOSPI,GS,078930,48700,100.66,45249.8,68.9,4.22,337.0158,-77.34553,-0.37,0.83,5.3,3,"상승구조, MACD>0, 5d<10%",-0.0949,False,False,True,False,0.92,False,False,True,True,29.7,16.7,47370,48670,49700,45430
KOSDAQ,노바텍,285490,20150,90.87,2131.0,50.0,-3.84,-252.3988,-45.06395,0.69,-8.82,-14.26,3,"RSI 45~65, 상승구조, 5d<10%",-0.0892,False,False,False,True,1.06,False,False,True,True,29.7,16.7,20150,21880,23260,20330
KOSDAQ,제일일렉트릭,199820,10980,65.52,2439.8,61.0,5.23,82.7677,-15.64658,0.21,-1.61,2.62,3,"RSI 45~65, MACD>0, 5d<10%",-0.0693,False,False,True,False,1.21,False,False,True,True,29.7,16.7,10690,11210,11630,10120
KOSDAQ,네이처셀,007390,24800,96.04,15979.9,64.0,8.85,341.452,-107.06189,-0.45,2.27,16.16,4,"RSI 45~65, 상승구조, MACD>0, 5d<10%",0.0351,False,False,False,False,0.99,False,False,True,True,29.3,16.4,23690,25510,26960,22100
KOSPI,셀트리온,068270,175100,1298.77,404374.5,52.4,-0.11,77.8927,-166.05874,1.11,1.45,-0.51,5,"RSI 45~65, MA20근접, 상승구조, MACD>0, 5d<10%",-0.164,False,False,True,False,1.2,False,False,False,True,28.9,16.0,175100,179450,182940,170040
KOSDAQ,오리엔탈정공,014940,10580,410.71,4821.7,56.2,2.63,15.0192,-67.25707,-0.14,-3.73,4.24,5,"RSI 45~65, MA20근접, 상승구조, MACD>0, 5d<10%",-0.0877,False,False,False,False,2.22,True,False,True,True,28.9,16.0,10580,11580,12370,10000
KOSPI,한화솔루션,009830,30200,360.42,51911.5,62.3,1.85,185.6609,-126.2939,0.06,-0.33,1.34,5,"RSI 45~65, MA20근접, 상승구조, MACD>0, 5d<10%",-0.1216,False,False,False,False,1.76,True,False,True,True,28.9,16.0,30200,31360,32280,28760
KOSPI,현대제철,004020,33450,287.16,44637.6,57.0,-0.48,50.1696,-27.693,3.05,-0.3,-0.45,5,"RSI 45~65, MA20근접, 거래량↑, MACD>0, 5d<10%",-0.2097,False,False,False,True,1.03,False,False,False,True,28.9,16.0,33450,34560,35450,32600
KOSDAQ,에스티팜,237690,96800,258.74,20035.0,56.4,3.26,359.9874,-42.12347,0.08,6.61,1.68,5,"RSI 45~65, MA20근접, 상승구조, MACD>0, 5d<10%",-0.0965,False,False,False,False,1.38,True,False,True,True,28.9,16.0,96500,102010,106420,90930
KOSPI,기업은행,024110,19160,232.09,152786.8,54.7,-0.65,2.6539,-18.29926,1.24,-1.29,-0.52,5,"RSI 45~65, MA20근접, 거래량↑, MACD>0, 5d<10%",-0.1676,False,False,True,False,0.77,False,False,False,True,28.9,16.0,19160,19470,19720,18710
KOSPI,흥아해운,003280,1731,182.15,4161.8,58.1,0.97,3.5721,-6.15278,-0.26,-7.93,0.46,5,"RSI 45~65, MA20근접, 상승구조, MACD>0, 5d<10%",-0.0925,False,False,False,False,3.82,True,False,True,True,28.9,16.0,1730,1870,1980,1660
KOSDAQ,ISC,095340,79900,123.06,16936.4,48.1,0.37,-624.799,51.66178,-0.48,2.17,-5.56,5,"RSI 45~65, MACD↑, MA20근접, 상승구조, 5d<10%",-0.1333,False,False,False,False,1.94,True,False,True,True,28.9,16.0,79900,83680,86700,77220
KOSPI,신풍제약,019170,13530,102.8,7168.9,56.8,1.32,107.6641,-74.91969,0.13,4.72,3.05,5,"RSI 45~65, MA20근접, 상승구조, MACD>0, 5d<10%",-0.134,False,False,False,False,2.45,True,False,True,True,28.9,16.0,13530,14400,15090,12950
KOSPI,비에이치,090460,17810,98.92,6004.0,54.3,3.15,112.4063,0.50787,-0.16,4.52,3.49,5,"RSI 45~65, MACD↑, MA20근접, MACD>0, 5d<10%",-0.1881,False,False,True,False,1.17,False,False,False,True,28.9,16.0,17660,18450,19080,16750
KOSDAQ,유일로보틱스,388720,80000,93.9,9357.4,57.7,3.51,26.1723,-132.75322,-0.41,3.9,-7.3,5,"RSI 45~65, MA20근접, 상승구조, MACD>0, 5d<10%",-0.0576,False,False,False,False,2.02,True,False,True,True,28.9,16.0,79890,85080,89230,74970
KOSDAQ,샘씨엔에스,252990,7280,86.19,4250.7,46.5,1.97,-73.5352,17.07507,-0.85,6.28,1.68,5,"RSI 45~65, MACD↑, MA20근접, 상승구조, 5d<10%",-0.1103,False,False,False,False,2.33,True,False,True,True,28.9,16.0,7280,7760,8150,6930
KOSPI,롯데케미칼,011170,71400,69.52,30541.6,63.5,0.99,14.02,-268.81515,-0.98,-4.29,-0.83,5,"RSI 45~65, MA20근접, 상승구조, MACD>0, 5d<10%",-0.0598,False,False,False,False,1.83,True,False,True,True,28.9,16.0,71400,74360,76740,68580
KOSDAQ,뉴프렉스,085670,5280,58.78,1291.0,47.4,-1.35,9.4294,-22.08854,2.96,-0.75,-0.38,5,"RSI 45~65, 거래량↑, 상승구조, MACD>0, 5d<10%",-0.1507,False,False,False,True,1.11,False,False,False,True,28.9,16.0,5280,5570,5810,5190
KOSDAQ,휴메딕스,200670,50500,50.98,5671.1,50.0,-0.65,398.7812,16.50573,-1.07,0.8,0.4,5,"RSI 45~65, MACD↑, MA20근접, MACD>0, 5d<10%",-0.2541,False,True,False,False,1.09,False,False,False,True,28.9,16.0,50500,52540,54170,49310
KOSPI,HD현대미포,010620,238000,934.83,95062.3,72.7,10.91,3189.4507,-544.92584,0.36,3.7,18.11,3,"상승구조, MACD>0, 5d<10%",0.0183,False,False,False,False,1.24,False,False,True,True,27.1,15.0,220480,232260,241690,208160
KOSPI,한전기술,052690,104100,810.49,39787.0,67.0,7.27,1302.298,-697.34317,0.46,-0.19,7.43,3,"상승구조, MACD>0, 5d<10%",0.0186,False,False,False,False,1.22,False,False,True,True,27.1,15.0,100610,107740,113440,94130
KOSPI,HJ중공업,097230,29050,2311.6,26230.8,63.6,7.03,165.0017,-82.78704,-0.01,2.47,11.09,4,"RSI 45~65, 상승구조, MACD>0, 5d<10%",-0.1188,False,False,False,False,1.77,True,False,True,True,26.7,15.0,28470,31120,33240,26330
KOSPI,삼성전기,009150,225000,1768.93,168060.8,61.9,7.28,1212.1359,-607.48038,1.06,1.35,11.66,4,"RSI 45~65, 상승구조, MACD>0, 5d<10%",-0.0445,False,False,False,False,1.91,True,False,True,True,26.7,15.0,214520,224100,231760,203440
KOSPI,현대로템,064350,231500,1321.33,252664.4,55.7,4.83,1243.637,-386.4747,-0.51,-4.14,11.84,4,"RSI 45~65, 상승구조, MACD>0, 5d<10%",-0.1001,False,False,False,False,1.71,True,False,True,True,26.7,15.0,226740,238560,248010,214200
KOSPI,한화엔진,082740,49600,1276.19,41389.8,55.0,4.86,88.7027,-17.64365,0.15,2.06,3.87,4,"RSI 45~65, 상승구조, MACD>0, 5d<10%",-0.0349,False,False,False,False,1.23,False,True,True,True,26.7,15.0,48890,52080,54630,45880
KOSPI,하나금융지주,086790,85900,1246.03,239081.9,49.6,-1.37,-215.7565,-75.40735,1.71,-2.05,-1.49,4,"RSI 45~65, 거래량↑, 상승구조, 5d<10%",-0.1793,False,False,False,True,1.15,False,False,False,True,26.7,15.0,85900,88300,90220,84480
KOSPI,세진중공업,075580,22100,425.49,12563.7,55.6,2.22,-9.26,-82.16525,-0.27,-1.78,4.49,4,"RSI 45~65, MA20근접, 상승구조, 5d<10%",-0.0866,False,False,False,False,2.55,True,False,True,True,26.7,15.0,22100,23960,25450,20970
KOSPI,HMM,011200,20750,329.03,195721.9,60.5,1.12,122.4293,-8.54753,-0.35,0.0,-0.95,4,"RSI 45~65, MA20근접, MACD>0, 5d<10%",-0.1628,False,False,True,False,0.87,False,False,False,True,26.7,15.0,20750,21400,21910,19910
KOSDAQ,현대무벡스,319400,10200,293.25,11360.4,55.8,0.38,-151.3027,-40.49493,-0.36,-1.45,-9.09,4,"RSI 45~65, MA20근접, 상승구조, 5d<10%",-0.0008,False,False,False,False,6.26,True,False,True,True,26.7,15.0,10200,11210,12020,9860
KOSPI,HD현대마린솔루션,443060,244500,258.64,109607.4,61.8,5.32,914.4057,-542.05675,0.02,3.6,5.39,4,"RSI 45~65, 상승구조, MACD>0, 5d<10%",-0.0341,False,False,False,False,1.85,True,False,True,True,26.7,15.0,238280,250520,260320,225190
KOSDAQ,엑스게이트,356680,9350,253.8,2668.8,60.9,9.68,103.9375,-34.19544,-0.26,-8.6,12.52,4,"RSI 45~65, 상승구조, MACD>0, 5d<10%",-0.0535,False,False,False,False,3.52,True,False,True,True,26.7,15.0,8920,9710,10350,8270
KOSPI,이수스페셜티케미컬,457190,54700,229.51,16523.9,68.5,3.02,157.1399,-398.84319,-0.25,-4.87,-1.44,4,"MA20근접, 상승구조, MACD>0, 5d<10%",-0.0595,False,False,False,False,1.43,True,False,True,True,26.7,15.0,54700,58450,61460,51500
KOSPI,두산로보틱스,454910,71100,208.17,46087.0,52.1,1.01,-194.9797,-141.49922,-0.59,0.71,-2.74,4,"RSI 45~65, MA20근접, 상승구조, 5d<10%",-0.1236,False,False,False,False,1.85,True,False,True,True,26.7,15.0,71100,74170,76630,68280
KOSPI,넥스틸,092790,11860,177.15,3083.8,56.2,-2.06,98.0549,-84.05636,2.69,-10.69,-1.33,4,"RSI 45~65, 거래량↑, MACD>0, 5d<10%",-0.1986,False,False,False,True,1.13,False,False,False,True,26.7,15.0,11860,12480,12970,11750
KOSPI,DB하이텍,000990,58900,167.97,25624.2,49.7,1.2,-262.7896,-48.71293,-0.97,1.9,0.0,4,"RSI 45~65, MA20근접, 상승구조, 5d<10%",-0.1239,False,False,False,False,1.61,True,False,True,True,26.7,15.0,58900,61730,63990,56450
KOSDAQ,고영,098460,16280,164.7,11177.0,51.5,0.73,-45.4077,-33.91439,-0.49,-2.22,-3.38,4,"RSI 45~65, MA20근접, 상승구조, 5d<10%",-0.0975,False,False,False,False,2.38,True,False,True,True,26.7,15.0,16280,17180,17900,15680
KOSPI,GS건설,006360,18440,150.06,15781.2,45.6,-1.23,20.3789,-38.79249,2.47,-1.65,-0.75,4,"RSI 45~65, 거래량↑, MACD>0, 5d<10%",-0.1575,False,False,False,True,1.18,False,False,False,True,26.7,15.0,18440,18980,19410,18110
KOSDAQ,피에스케이홀딩스,031980,50700,144.86,10932.1,46.1,-0.89,-597.9192,-230.06878,0.19,-4.7,-5.59,4,"RSI 45~65, MA20근접, 상승구조, 5d<10%",-0.0963,False,False,False,False,2.02,True,False,True,True,26.7,15.0,50700,54550,57640,49620
KOSDAQ,유진로봇,056080,12700,139.32,4764.0,58.3,3.67,-7.1923,-50.51447,-0.39,-3.13,7.17,4,"RSI 45~65, MA20근접, 상승구조, 5d<10%",-0.0361,False,False,False,False,2.2,True,False,True,True,26.7,15.0,12700,13770,14630,11880
KOSDAQ,HK이노엔,195940,48800,106.55,13825.0,65.9,3.55,244.426,-92.77537,0.08,0.93,3.94,4,"MA20근접, 상승구조, MACD>0, 5d<10%",-0.084,False,False,False,False,1.46,True,False,True,True,26.7,15.0,48050,49910,51400,45710
KOSDAQ,일승,333430,8150,104.13,2504.2,55.1,1.16,-22.7904,-43.06552,-0.44,-7.39,-1.81,4,"RSI 45~65, MA20근접, 상승구조, 5d<10%",-0.1091,False,False,False,False,3.95,True,False,True,True,26.7,15.0,8150,8860,9430,7810
KOSDAQ,케이프,064820,13800,99.76,4264.4,51.0,1.77,-92.3099,-68.827,-0.39,-8.18,0.66,4,"RSI 45~65, MA20근접, 상승구조, 5d<10%",-0.0059,False,False,False,False,2.31,True,False,True,True,26.7,15.0,13800,15090,16120,13150
KOSPI,녹십자,006280,129000,99.03,15075.6,47.3,-1.03,164.0333,-164.03239,1.73,0.16,-0.31,4,"RSI 45~65, 거래량↑, MACD>0, 5d<10%",-0.1997,False,False,False,True,0.85,False,False,False,True,26.7,15.0,129000,132080,134540,126430
KOSPI,농심,004370,431500,95.24,26246.6,37.8,-0.83,-793.0399,33.47383,-1.2,-0.69,1.05,4,"MACD↑, MA20근접, 상승구조, 5d<10%",-0.1746,False,True,False,False,1.28,False,False,False,True,26.7,15.0,431500,441430,449370,422070
KOSDAQ,오르비텍,046120,3925,94.95,1077.4,57.4,4.65,38.0578,-23.97642,0.5,-6.32,3.15,4,"RSI 45~65, 상승구조, MACD>0, 5d<10%",-0.0879,False,False,False,False,2.02,True,False,True,True,26.7,15.0,3920,4290,4580,3640
KOSDAQ,에스피지,058610,31100,80.11,6897.2,52.3,2.1,-150.6298,-67.69275,-0.73,-1.89,-4.45,4,"RSI 45~65, MA20근접, 상승구조, 5d<10%",-0.0289,False,False,False,False,1.52,True,False,True,True,26.7,15.0,31100,32950,34430,29550
KOSDAQ,덕산하이메탈,077360,6830,79.48,3103.3,42.7,1.71,-71.0752,3.28089,-0.25,2.4,-0.15,4,"MACD↑, MA20근접, 상승구조, 5d<10%",-0.0778,False,False,False,False,2.5,True,False,True,True,26.7,15.0,6830,7260,7610,6510
KOSPI,이마트,139480,73400,73.44,20255.3,47.9,-0.94,132.88,-30.86311,-1.12,-0.54,-0.14,4,"RSI 45~65, MA20근접, MACD>0, 5d<10%",-0.1893,False,False,True,False,0.86,False,False,False,True,26.7,15.0,73400,75010,76290,71880
KOSPI,신성이엔지,011930,1910,73.34,3931.7,53.7,5.13,12.3398,-4.02049,-0.22,9.77,4.09,4,"RSI 45~65, 상승구조, MACD>0, 5d<10%",-0.0953,False,False,False,False,2.24,True,False,True,True,26.7,15.0,1870,1970,2040,1760
KOSDAQ,제이앤티씨,204270,25450,71.38,14722.4,49.7,-0.37,-243.7255,-85.60165,-0.91,-0.59,-8.94,4,"RSI 45~65, MA20근접, 상승구조, 5d<10%",-0.0107,False,False,False,False,1.92,True,False,True,True,26.7,15.0,25450,27420,29000,24780
KOSDAQ,포스코엠텍,009520,15610,67.77,6500.4,66.0,3.23,59.248,-86.40271,-0.47,-4.58,1.23,4,"MA20근접, 상승구조, MACD>0, 5d<10%",-0.0755,False,False,False,False,2.25,True,False,True,True,26.7,15.0,15610,16620,17430,14670
KOSPI,iM금융지주,139130,13530,61.82,21926.0,52.5,-0.24,14.6358,-2.3535,-0.46,-1.74,-1.6,4,"RSI 45~65, MA20근접, MACD>0, 5d<10%",-0.1606,False,False,True,False,0.8,False,False,False,True,26.7,15.0,13530,13920,14220,13160
KOSPI,에이블씨엔씨,078520,9950,54.12,2588.4,39.8,-4.35,8.3627,10.90475,1.97,-5.87,-2.07,4,"MACD↑, 거래량↑, MACD>0, 5d<10%",-0.2488,False,False,False,True,1.12,False,False,False,True,26.7,15.0,10200,10610,10940,10090
KOSPI,대웅제약,069620,136700,50.97,15838.8,58.0,0.38,407.4901,-212.07428,-0.22,0.59,-0.07,4,"RSI 45~65, MA20근접, MACD>0, 5d<10%",-0.1532,False,False,True,False,1.2,False,False,False,True,26.7,15.0,136700,140360,143300,132090
KOSPI,한국항공우주,047810,105500,698.88,102836.2,47.4,2.65,163.2905,218.02697,0.33,4.15,6.89,6,"RSI 45~65, MACD↑, MA20근접, 상승구조, MACD>0, 5d<10%",-0.1817,False,False,False,False,1.45,True,False,False,True,26.0,15.0,104570,108150,111010,99700
KOSPI,두산에너빌리티,034020,89700,9312.18,574583.3,66.1,16.21,1236.6517,-112.01621,0.39,17.56,7.17,2,"상승구조, MACD>0",0.1904,False,False,False,False,1.25,False,False,True,True,24.9,15.0,79570,84350,88180,74870
KOSPI,두산,000150,950000,1283.63,156976.4,88.3,35.97,31690.1159,-853.30475,-0.46,21.48,56.77,2,"상승구조, MACD>0",0.418,False,False,False,False,1.26,False,False,True,True,24.9,15.0,727200,784200,829800,677740
KOSPI,HD현대중공업,329180,594000,1474.99,527312.3,70.7,9.59,6939.1636,-1493.88744,0.33,2.95,16.93,3,"상승구조, MACD>0, 5d<10%",-0.001,False,False,False,False,1.49,True,False,True,True,24.5,15.0,557020,587050,611080,525740
KOSPI,LG디스플레이,034220,13950,665.07,69750.0,31.7,-3.09,-127.7069,-17.19322,1.36,-1.41,-2.99,3,"거래량↑, 상승구조, 5d<10%",-0.1715,False,False,False,True,1.29,False,False,False,True,24.5,15.0,14070,14720,15230,13960
KOSPI,LG전자,066570,87600,664.9,142688.5,71.1,4.41,173.1004,-232.09868,-0.22,-2.88,4.41,3,"상승구조, MACD>0, 5d<10%",-0.0449,False,False,False,False,1.56,True,False,True,True,24.5,15.0,85350,88240,90550,81380
KOSPI,삼성생명,032830,157400,638.62,314800.0,46.4,-1.22,-808.6016,-211.49848,0.26,-2.9,-3.49,3,"RSI 45~65, 상승구조, 5d<10%",-0.11,False,False,False,False,1.56,True,False,True,True,24.5,15.0,157400,163510,168390,154570
KOSPI,고려아연,010130,1071000,615.34,207166.3,56.1,-4.14,-21099.5782,-4361.19915,-0.02,-8.85,-16.98,3,"RSI 45~65, 상승구조, 5d<10%",-0.0354,False,False,False,False,1.41,True,False,True,True,24.5,15.0,1071000,1187860,1281340,1083780
KOSPI,한미약품,128940,390500,521.86,50026.9,59.2,7.51,3305.2944,-373.49354,-0.12,13.35,14.01,3,"RSI 45~65, 상승구조, MACD>0",-0.1156,False,False,False,False,1.52,True,False,True,True,24.5,15.0,374280,396390,414070,352330
KOSDAQ,인바디,041830,26950,470.46,3633.1,26.9,-7.33,-205.567,-105.52429,3.96,-2.18,-6.59,3,"거래량↑, 상승구조, 5d<10%",-0.1926,False,False,False,True,0.64,False,False,False,True,24.5,15.0,28320,29840,31060,28210
KOSDAQ,엔켐,348370,87600,320.07,19068.3,68.0,7.24,1200.9225,-793.30728,0.02,1.15,7.62,3,"상승구조, MACD>0, 5d<10%",-0.0236,False,False,False,False,1.55,True,False,True,True,24.5,15.0,85160,92100,97650,79230
KOSDAQ,HPSP,403870,35150,260.01,29349.7,44.0,-0.96,-344.9956,-51.36254,-0.49,0.86,-3.57,3,"MA20근접, 상승구조, 5d<10%",-0.1309,False,False,False,False,2.19,True,False,True,True,24.5,15.0,35150,36880,38260,34430
KOSDAQ,에이프릴바이오,397030,30500,197.09,7004.4,36.5,-1.29,-430.2978,66.00275,-0.64,5.9,-2.4,3,"MACD↑, 상승구조, 5d<10%",-0.0316,False,False,False,False,1.98,True,False,True,True,24.5,15.0,30500,32610,34290,29970
KOSDAQ,씨메스,475400,29450,163.19,3441.2,47.0,-3.1,-360.844,-169.26541,-0.28,-10.21,-8.4,3,"RSI 45~65, 상승구조, 5d<10%",-0.0094,False,False,False,False,1.37,True,False,True,True,24.5,15.0,29450,31860,33790,29480
KOSDAQ,대주전자재료,078600,77000,155.46,11920.1,70.6,6.39,944.9303,-430.36488,-0.12,4.48,7.24,3,"상승구조, MACD>0, 5d<10%",-0.0494,False,False,False,False,1.93,True,False,True,True,24.5,15.0,74520,78800,82230,70200
KOSPI,CJ제일제당,097950,230500,124.63,34699.9,42.9,-0.85,224.9981,-247.76259,-0.72,-1.07,0.0,3,"MA20근접, MACD>0, 5d<10%",-0.1634,False,False,True,False,0.59,False,False,False,True,24.5,15.0,230530,234420,237540,225500
KOSPI,한올바이오파마,009420,33800,119.08,17657.3,44.4,-0.52,-118.1591,-54.56705,-0.09,1.2,-1.17,3,"MA20근접, 상승구조, 5d<10%",-0.0843,False,False,False,False,1.51,True,False,True,True,24.5,15.0,33800,35360,36600,32960
KOSDAQ,코오롱티슈진,950160,43850,115.19,36492.5,45.2,-3.02,-249.1545,-35.29346,0.13,0.8,0.57,3,"RSI 45~65, 상승구조, 5d<10%",-0.2384,False,True,False,False,1.23,False,False,False,True,24.5,15.0,44170,46260,47920,43860
KOSDAQ,태광,023160,26900,102.4,7128.5,43.0,-0.75,-52.9845,-49.47563,-0.28,-6.76,-1.47,3,"MA20근접, 상승구조, 5d<10%",-0.0934,False,False,False,False,1.46,True,False,True,True,24.5,15.0,26900,28530,29830,26290
KOSDAQ,오로스테크놀로지,322310,25750,98.96,2411.9,33.8,-8.22,-601.2088,-21.37382,1.92,-4.81,-16.12,3,"거래량↑, 상승구조, 5d<10%",-0.234,False,False,False,True,1.23,False,False,False,True,24.5,15.0,27050,29060,30670,27220
KOSDAQ,레이크머티리얼즈,281740,14860,95.55,9767.6,67.6,5.23,99.2952,-101.43658,0.02,0.47,-0.54,3,"상승구조, MACD>0, 5d<10%",-0.0254,False,False,False,False,1.81,True,False,True,True,24.5,15.0,14590,15530,16280,13700
KOSDAQ,에프에스티,036810,35800,86.58,7860.4,56.1,5.99,-41.4775,-91.69851,-0.53,6.07,-4.53,3,"RSI 45~65, 상승구조, 5d<10%",-0.0063,False,False,False,False,1.77,True,False,True,True,24.5,15.0,35200,38050,40330,32760
KOSPI,SK아이이테크놀로지,361610,31950,86.3,26131.0,68.4,4.42,178.4459,-197.82534,0.32,0.0,1.75,3,"상승구조, MACD>0, 5d<10%",-0.0545,False,False,False,False,1.47,True,False,True,True,24.5,15.0,31530,33400,34900,29680
KOSPI,애경케미칼,161000,11100,71.81,5400.0,61.7,4.28,132.5896,-54.82642,-0.27,5.11,4.42,3,"RSI 45~65, MACD>0, 5d<10%",-0.0684,False,False,False,False,2.69,True,False,True,True,24.5,15.0,11010,11730,12310,10330
KOSPI,한화생명,088350,3055,64.08,26533.6,45.7,-2.5,-3.2398,-3.91142,2.12,-1.45,-3.93,3,"RSI 45~65, 거래량↑, 5d<10%",-0.1789,False,False,False,True,0.91,False,False,False,True,24.5,15.0,3090,3180,3240,3040
KOSDAQ,신흥에스이씨,243840,5610,60.8,2163.1,67.0,6.34,53.1601,-27.90133,-0.11,5.85,4.08,3,"상승구조, MACD>0, 5d<10%",-0.0784,False,False,False,False,1.8,True,False,True,True,24.5,15.0,5490,5930,6270,5120
KOSDAQ,상신이디피,091580,13330,58.12,1776.7,64.8,9.07,194.5655,-66.25118,0.26,15.21,10.62,3,"RSI 45~65, 상승구조, MACD>0",-0.0462,False,False,False,False,2.09,True,False,True,True,24.5,15.0,12690,13620,14370,11850
KOSDAQ,대진첨단소재,393970,7330,54.18,1086.7,61.5,5.98,125.5192,-49.42762,-0.55,8.27,13.12,3,"RSI 45~65, MACD>0, 5d<10%",-0.0288,False,False,False,False,1.87,True,False,True,True,24.5,15.0,7280,7990,8570,6710
KOSDAQ,케이에스피,073010,5950,51.61,2391.4,48.0,-2.26,-17.1358,-23.95532,-0.31,-9.57,-1.0,3,"RSI 45~65, 상승구조, 5d<10%",-0.1478,False,False,False,False,2.73,True,False,True,True,24.5,15.0,5950,6390,6740,5900
KOSPI,현대건설,000720,68900,1463.24,76724.1,66.8,14.42,1657.3357,-183.73239,0.36,20.67,12.58,1,MACD>0,0.0468,False,False,False,False,1.25,False,False,True,True,22.7,15.0,62440,66890,70450,58410
KOSDAQ,에코앤드림,101360,23700,72.79,4215.3,71.5,10.88,475.4637,-157.37585,0.32,11.01,11.01,1,MACD>0,0.0039,False,False,False,False,1.25,False,False,True,True,22.7,15.0,22200,23850,25170,20730
KOSPI,SK오션플랜트,100090,21500,382.24,13432.8,36.9,-5.69,-101.4723,-27.84767,-0.45,-3.8,-1.38,2,"상승구조, 5d<10%",-0.2853,False,True,False,False,1.24,False,False,False,True,22.3,15.0,22050,23540,24740,22110
KOSPI,우진,105840,15110,354.15,3051.9,39.9,-6.02,-219.2382,-126.43548,-0.23,-4.97,-13.01,2,"상승구조, 5d<10%",-0.1473,False,False,False,False,2.71,True,False,True,True,22.3,15.0,15280,16880,18160,15600
KOSPI,더존비즈온,012510,89100,289.99,27071.1,40.4,-1.89,-531.8053,-168.25624,0.16,1.6,-0.22,2,"상승구조, 5d<10%",-0.1647,False,True,False,False,1.25,False,False,False,True,22.3,15.0,89100,92940,96000,88090
KOSPI,CJ,001040,169400,233.09,49425.8,44.0,-2.52,-340.9447,-128.61409,-0.26,-2.14,0.18,2,"상승구조, 5d<10%",-0.2181,False,True,False,False,1.2,False,False,False,True,22.3,15.0,170600,176960,182040,168570
KOSDAQ,큐리옥스바이오시스템즈,445680,69500,223.14,11874.8,32.9,-1.32,-996.9831,-63.15693,0.13,-3.61,0.72,2,"상승구조, 5d<10%",-0.115,False,False,False,False,1.38,True,False,True,True,22.3,15.0,69500,75320,79970,68320
KOSDAQ,동진쎄미켐,005290,42400,222.74,21799.7,29.5,-1.44,-509.9069,-4.04955,-0.2,1.31,-4.29,2,"상승구조, 5d<10%",-0.1323,False,False,False,False,1.85,True,False,True,True,22.3,15.0,42400,44140,45540,41730
KOSPI,KT,030200,49350,179.28,124372.7,44.8,-1.39,60.7591,-25.60952,0.06,-0.9,-1.3,2,"MACD>0, 5d<10%",-0.1814,False,True,False,False,0.74,False,False,False,True,22.3,15.0,49680,50410,50990,48590
KOSDAQ,제주반도체,080220,20450,119.38,7043.6,32.8,-1.81,-259.9508,-32.1564,-0.47,-1.45,-7.88,2,"상승구조, 5d<10%",-0.0873,False,False,False,False,3.52,True,False,True,True,22.3,15.0,20450,21690,22670,20200
KOSDAQ,아이티센글로벌,124500,18700,114.75,4339.2,33.1,-4.47,-150.1863,-76.28137,-0.96,-4.49,-4.0,2,"상승구조, 5d<10%",-0.0981,False,False,False,False,1.67,True,False,True,True,22.3,15.0,18700,20470,21890,18990
KOSPI,금강공업,014280,5770,114.46,1692.3,65.1,4.83,-0.4036,-29.63671,-0.2,-4.15,14.94,2,"상승구조, 5d<10%",-0.008,False,False,False,False,5.45,True,False,True,True,22.3,15.0,5770,6420,6940,5340
KOSDAQ,티씨케이,064760,168500,111.16,19672.4,21.5,-4.14,-3472.8151,-14.7718,-0.69,-0.88,-7.82,2,"상승구조, 5d<10%",-0.115,False,False,False,False,1.38,True,False,True,True,22.3,15.0,172080,179480,185400,170510
KOSDAQ,테스,095610,44450,89.4,8787.0,43.9,-3.59,-755.8562,-181.62574,-1.07,-8.82,-3.47,2,"상승구조, 5d<10%",-0.1391,False,False,False,False,2.73,True,False,True,True,22.3,15.0,44460,47750,50380,44720
KOSDAQ,비츠로셀,082920,27600,56.53,6312.7,33.0,-3.87,-79.9095,-40.4233,1.76,-4.17,-2.82,2,"거래량↑, 5d<10%",-0.2314,False,False,False,True,0.79,False,False,False,True,22.3,15.0,28230,29200,29980,27850
KOSDAQ,이뮨온시아,424870,5810,54.35,4309.0,38.5,-4.19,-58.4434,-6.06093,-0.54,-2.02,-8.79,2,"상승구조, 5d<10%",-0.1418,False,False,False,False,1.97,True,False,True,True,22.3,15.0,5890,6240,6520,5880
KOSDAQ,동국제약,086450,17730,51.25,7957.9,42.5,-4.34,-102.669,-23.51923,0.48,-2.48,-6.39,2,"상승구조, 5d<10%",-0.2074,False,True,False,False,0.95,False,False,False,True,22.3,15.0,18230,18840,19330,17980
KOSPI,롯데관광개발,032350,18100,246.38,14396.6,58.7,-0.24,-28.1697,-64.35465,0.48,-5.88,-0.11,4,"RSI 45~65, MA20근접, 상승구조, 5d<10%",-0.169,False,False,False,False,1.46,True,False,False,True,21.6,15.0,18100,18940,19610,17600
KOSDAQ,한텍,098070,42850,244.21,4765.4,48.7,2.38,617.9757,-94.28573,0.21,8.07,8.62,4,"RSI 45~65, MA20근접, MACD>0, 5d<10%",-0.1858,False,False,False,False,1.42,True,False,False,True,21.6,15.0,42850,45900,48330,40600
KOSDAQ,엠디바이스,226590,18800,218.65,1998.6,54.0,2.55,-137.7285,120.42861,0.19,10.13,6.58,4,"RSI 45~65, MACD↑, MA20근접, 상승구조",-0.3073,False,False,False,False,2.09,True,False,False,True,21.6,15.0,18800,20540,21930,17780
KOSDAQ,유니테스트,086390,20400,107.19,4311.4,63.1,9.53,129.6467,112.07922,-0.32,15.97,14.48,4,"RSI 45~65, MACD↑, 상승구조, MACD>0",-0.1569,False,False,False,False,1.35,True,False,False,True,21.6,15.0,19240,20460,21430,18070
KOSDAQ,삼양컴텍,484590,15960,117.12,6577.2,32.2,-7.16,-98.6757,-41.84292,-0.2,-7.37,-3.51,1,5d<10%,,,True,False,False,,False,False,False,True,20.1,15.0,16780,17600,18260,16670
KOSDAQ,미래나노텍,095500,11640,63.28,3609.6,68.9,12.44,296.1658,-75.89484,-0.13,16.98,13.56,1,MACD>0,-0.0104,False,False,False,False,1.43,True,False,True,True,20.1,15.0,10740,11500,12120,10040
KOSDAQ,메지온,140410,61900,73.65,18707.4,38.2,-2.24,-952.9222,247.10809,-0.39,9.17,-6.07,3,"MACD↑, 상승구조, 5d<10%",-0.2058,False,False,False,False,1.7,True,False,False,True,19.4,15.0,61900,66320,69860,61420
KOSPI,삼화전기,009470,35900,63.93,2374.4,34.0,-3.4,-315.8517,22.74167,0.25,6.21,0.84,3,"MACD↑, 상승구조, 5d<10%",-0.249,False,False,False,False,1.98,True,False,False,True,19.4,15.0,36040,38290,40100,36050
KOSPI,현대백화점,069960,81500,62.18,18442.5,42.5,-1.95,-404.5172,51.82398,-0.63,-0.49,0.74,3,"MACD↑, 상승구조, 5d<10%",-0.2283,False,False,False,False,1.36,True,False,False,True,19.4,15.0,81890,84350,86310,80630
KOSPI,NAVER,035420,255500,3596.97,400758.5,41.3,-0.81,-925.0549,25.91034,-0.68,5.36,-1.92,4,"MACD↑, MA20근접, 상승구조, 5d<10%",-0.1457,False,False,False,False,1.3,False,False,True,True,19.0,15.0,255500,265680,273820,249850
KOSDAQ,한라IMS,092460,17180,204.15,2939.4,58.3,6.71,183.3193,-120.52568,-0.17,-17.4,13.7,4,"RSI 45~65, 상승구조, MACD>0, 5d<10%",-0.0298,False,False,False,False,1.3,False,False,True,True,19.0,15.0,16860,18400,19620,15620
KOSPI,NH투자증권,005940,20100,179.96,71625.2,56.5,0.58,-8.2555,-22.55605,0.18,-1.23,-0.74,4,"RSI 45~65, MA20근접, 상승구조, 5d<10%",-0.1339,False,False,False,False,0.81,False,False,True,True,19.0,15.0,20100,20840,21440,19390
KOSPI,한국카본,017960,37050,158.75,19232.1,62.5,4.43,108.0223,-87.5402,-0.29,0.82,2.63,4,"RSI 45~65, 상승구조, MACD>0, 5d<10%",-0.0303,False,False,False,False,1.21,False,False,True,True,19.0,15.0,36560,38710,40430,34420
KOSDAQ,차바이오텍,085660,12000,82.33,9171.1,58.7,4.2,105.1041,-36.93762,0.29,8.11,4.35,4,"RSI 45~65, 상승구조, MACD>0, 5d<10%",-0.0675,False,False,False,False,1.27,False,False,True,True,19.0,15.0,11790,12340,12770,11170
KOSDAQ,케어젠,214370,62500,74.35,33571.9,49.0,0.02,-58.8207,-165.45083,-0.13,-0.48,2.46,4,"RSI 45~65, MA20근접, 상승구조, 5d<10%",-0.1269,False,False,False,False,1.14,False,False,True,True,19.0,15.0,62500,66450,69610,60620
KOSPI,대우건설,047040,3800,73.17,15793.7,55.9,2.45,25.8647,-8.08022,1.01,1.47,0.93,4,"RSI 45~65, MA20근접, MACD>0, 5d<10%",-0.1109,False,False,False,False,1.21,False,False,True,True,19.0,15.0,3770,3900,4010,3600
KOSPI,풍산,103140,119800,327.84,33573.1,42.9,-2.35,-268.4161,132.25903,-0.23,0.67,-2.04,2,"MACD↑, 5d<10%",-0.2106,False,False,False,False,1.31,True,False,False,True,17.2,15.0,120190,125170,129160,119000
KOSDAQ,다날,064260,8370,294.2,5771.0,21.9,-10.57,-131.7152,-18.20741,-0.64,-6.9,-10.48,2,"상승구조, 5d<10%",-0.323,False,False,False,False,2.9,True,False,False,True,17.2,15.0,9110,9610,10010,9080
KOSPI,한화투자증권,003530,5380,128.69,11542.7,37.9,-4.38,-17.4524,0.79475,-0.6,3.07,-7.24,2,"MACD↑, 5d<10%",-0.1538,False,False,False,False,1.81,True,False,False,True,17.2,15.0,5470,5780,6020,5460
KOSDAQ,한선엔지니어링,452280,10750,112.66,1857.0,44.9,-3.2,-99.4953,-43.23835,0.12,-2.01,-6.36,2,"상승구조, 5d<10%",-0.1782,False,False,False,False,2.14,True,False,False,True,17.2,15.0,10750,11690,12450,10770
KOSDAQ,에이디테크놀로지,200710,24800,88.83,3333.3,41.0,-5.22,-335.0399,-36.93772,-0.37,-7.46,-5.88,2,"상승구조, 5d<10%",-0.1642,False,False,False,False,1.34,True,False,False,True,17.2,15.0,25230,27100,28580,25380
KOSDAQ,나우로보틱스,459510,21800,81.85,2815.2,37.4,-7.89,-529.4697,-23.80305,-0.9,-7.43,-14.84,2,"상승구조, 5d<10%",-0.2087,False,False,False,False,2.37,True,False,False,True,17.2,15.0,22770,24570,26010,22960
KOSDAQ,글로벌텍스프리,204620,5620,79.91,3949.9,38.5,-2.08,-11.4802,-6.09899,-0.24,-1.23,2.0,2,"상승구조, 5d<10%",-0.26,False,False,False,False,1.54,True,False,False,True,17.2,15.0,5620,5880,6080,5570
KOSDAQ,NHN KCP,060250,16090,77.66,6461.8,28.2,-7.35,-199.1553,-18.01516,-0.44,1.19,-6.18,2,"상승구조, 5d<10%",-0.2645,False,False,False,False,2.4,True,False,False,True,17.2,15.0,16910,17820,18560,16850
KOSDAQ,스맥,099440,3955,59.87,2699.0,38.9,-4.85,-41.9181,-0.17384,-0.43,-1.98,-6.28,2,"상승구조, 5d<10%",-0.226,False,False,False,False,2.13,True,False,False,True,17.2,15.0,4020,4290,4500,4030
KOSDAQ,펄어비스,263750,34200,54.44,21972.8,37.0,-3.52,-228.9703,-30.59137,-0.2,-2.7,-4.34,2,"상승구조, 5d<10%",-0.2085,False,False,False,False,1.59,True,False,False,True,17.2,15.0,34970,35930,36700,34380
KOSDAQ,하나머티리얼즈,166090,41150,53.9,8138.5,44.2,-1.58,-650.2336,-8.02313,-0.67,1.35,-2.95,2,"상승구조, 5d<10%",-0.1507,False,False,False,False,1.88,True,False,False,True,17.2,15.0,41150,43670,45690,40560
KOSDAQ,넥스트바이오메디컬,389650,59800,53.83,4859.9,34.5,-7.6,-545.8314,-34.79358,0.8,-4.01,-10.61,2,"상승구조, 5d<10%",-0.2826,False,False,False,False,1.32,True,False,False,True,17.2,15.0,63040,66400,69080,62780
KOSDAQ,에스앤에스텍,101490,54900,143.06,11776.8,52.7,-2.31,-429.3283,-240.66358,-0.4,-9.26,-8.04,3,"RSI 45~65, 상승구조, 5d<10%",-0.0928,False,False,False,False,0.79,False,False,True,True,16.8,15.0,54900,59360,62940,54510
KOSPI,SK바이오사이언스,302440,50900,88.69,39889.9,65.7,4.83,553.4347,-176.06748,0.38,3.35,6.26,3,"상승구조, MACD>0, 5d<10%",-0.1096,False,False,False,False,1.26,False,False,True,True,16.8,15.0,49410,51110,52480,47100
KOSPI,코오롱,002020,43500,60.66,5492.5,53.9,-1.18,-14.9876,-221.04009,-0.37,-6.45,-3.12,3,"RSI 45~65, 상승구조, 5d<10%",-0.1108,False,False,False,False,1.27,False,False,True,True,16.8,15.0,43500,46150,48280,42700
KOSPI,TCC스틸,002710,18980,51.14,4975.4,70.8,5.52,207.6484,-139.14748,0.06,-1.35,5.5,3,"상승구조, MACD>0, 5d<10%",-0.037,False,False,False,False,1.18,False,False,True,True,16.8,15.0,18590,19790,20750,17450
KOSPI,우리금융지주,316140,25500,664.08,187189.5,51.9,-0.96,-46.7486,-9.18176,1.55,-0.39,-0.58,5,"RSI 45~65, MA20근접, 거래량↑, 상승구조, 5d<10%",-0.1904,False,False,False,False,1.07,False,False,False,True,16.1,15.0,25500,26170,26710,24980
KOSPI,한국콜마,161890,76400,169.22,18034.3,53.0,0.11,255.1213,10.09547,0.72,0.13,1.73,5,"RSI 45~65, MACD↑, MA20근접, MACD>0, 5d<10%",-0.1713,False,False,False,False,1.05,False,False,False,True,16.1,15.0,76400,78460,80100,74030
KOSPI,현대해상,001450,27700,131.53,24763.8,47.6,-0.55,8.8508,-4.56753,-0.0,1.09,-0.54,5,"RSI 45~65, MA20근접, 상승구조, MACD>0, 5d<10%",-0.1803,False,False,False,False,1.13,False,False,False,True,16.1,15.0,27700,28410,28990,27020
KOSDAQ,루닛,328130,40200,80.81,11740.2,54.6,-0.26,43.9889,9.36458,0.85,2.16,-3.48,5,"RSI 45~65, MACD↑, MA20근접, MACD>0, 5d<10%",-0.1822,False,False,False,False,0.73,False,False,False,True,16.1,15.0,40200,41930,43310,39100
KOSDAQ,현대힘스,460930,22050,303.92,7823.3,34.2,-7.45,-103.279,-30.26105,-0.08,-3.08,-5.57,1,5d<10%,-0.267,False,False,False,False,1.76,True,False,False,True,15.0,15.0,23190,24460,25480,23110
KOSPI,일신석재,007110,1838,58.26,1423.7,40.1,-10.8,-11.1849,-20.18746,0.51,-13.3,-11.21,1,5d<10%,-0.2195,False,False,False,False,1.38,True,False,False,True,15.0,15.0,2000,2120,2210,2000
KOSDAQ,한라캐스트,125490,12100,586.76,4416.8,72.4,12.07,2.8503,-106.25742,-0.81,-9.36,4.94,2,"MACD>0, 5d<10%",,,False,False,False,,False,False,True,True,14.7,15.0,11450,12740,13780,10470
KOSPI,KT&G,033780,134500,293.43,161228.9,48.0,-1.41,-412.6768,-46.59325,-0.9,-2.11,-3.03,2,"RSI 45~65, 5d<10%",-0.1494,False,False,False,False,0.77,False,False,True,True,14.7,15.0,135000,137840,140120,132330
KOSDAQ,리가켐바이오,141080,141500,331.2,51803.6,39.9,0.02,427.3462,156.63386,-0.59,5.44,6.71,4,"MACD↑, MA20근접, MACD>0, 5d<10%",-0.1808,False,False,False,False,0.86,False,False,False,True,13.9,15.0,141500,148960,154940,137230
KOSPI,삼성화재,000810,446500,318.67,205439.8,45.6,-0.8,-326.7166,-152.17758,-0.45,-1.76,-0.89,4,"RSI 45~65, MA20근접, 상승구조, 5d<10%",-0.1573,False,False,False,False,1.23,False,False,False,True,13.9,15.0,446500,457320,465980,436600
KOSDAQ,에스엔시스,0008Z0,42250,151.96,3986.9,50.7,0.98,385.409,-165.34723,0.08,-1.29,2.67,4,"RSI 45~65, MA20근접, MACD>0, 5d<10%",,,False,False,False,,False,False,False,True,13.9,15.0,42250,44770,46790,40580
KOSDAQ,SAMG엔터,419530,55600,116.31,5412.4,45.3,-2.1,44.2819,72.60657,-0.18,7.34,-0.89,4,"RSI 45~65, MACD↑, MACD>0, 5d<10%",-0.1597,False,False,False,False,0.88,False,False,False,True,13.9,15.0,55600,60720,64820,55090
KOSDAQ,주성엔지니어링,036930,31000,103.55,14653.2,42.1,-0.66,-136.277,0.50321,-0.44,2.65,-2.67,4,"MACD↑, MA20근접, 상승구조, 5d<10%",-0.1798,False,False,False,False,1.0,False,False,False,True,13.9,15.0,31000,32230,33210,30270
KOSDAQ,티에프이,425420,38750,89.44,4410.1,46.6,-5.59,-419.7096,16.77868,-0.02,0.52,-5.95,4,"RSI 45~65, MACD↑, 상승구조, 5d<10%",-0.2201,False,False,False,False,1.15,False,False,False,True,13.9,15.0,39360,42730,45420,39810
KOSPI,호텔신라,008770,49200,87.96,19310.1,45.3,-1.61,-109.4854,10.51992,-0.61,-0.1,-0.61,4,"RSI 45~65, MACD↑, 상승구조, 5d<10%",-0.2262,False,False,False,False,1.28,False,False,False,True,13.9,15.0,49510,50500,51290,48500
KOSPI,신세계,004170,176400,75.18,17014.1,47.6,-1.52,-573.0824,93.72307,0.47,-1.34,-0.23,4,"RSI 45~65, MACD↑, 상승구조, 5d<10%",-0.2233,False,False,False,False,1.1,False,False,False,True,13.9,15.0,176760,181490,185270,173750
KOSPI,팬오션,028670,3835,60.42,20500.7,63.7,1.21,21.7515,-3.25323,-0.46,0.0,4.5,4,"RSI 45~65, MA20근접, MACD>0, 5d<10%",-0.1764,False,False,False,False,0.87,False,False,False,True,13.9,15.0,3840,3960,4060,3680
KOSDAQ,이오테크닉스,039030,234000,179.69,28827.7,34.5,-2.56,-2232.9916,243.89458,-0.87,1.08,-10.17,3,"MACD↑, 상승구조, 5d<10%",-0.1543,False,False,False,False,0.98,False,False,False,True,11.7,15.0,234000,246460,256440,232950
KOSPI,코스맥스,192820,202000,168.87,22926.0,46.7,-2.7,87.809,-54.09947,-0.08,-1.7,0.0,3,"RSI 45~65, MACD>0, 5d<10%",-0.2524,False,False,False,False,1.11,False,False,False,True,11.7,15.0,204400,210800,215920,201380
KOSDAQ,코나아이,052400,48600,154.07,7077.8,53.6,-2.13,170.1171,-264.91199,0.25,-3.76,-1.12,3,"RSI 45~65, MACD>0, 5d<10%",-0.1644,False,False,False,False,0.94,False,False,False,True,11.7,15.0,48600,51540,53890,48170
KOSDAQ,제이에스링크,127120,20700,125.99,6216.8,43.2,-2.4,-311.1476,114.59616,0.85,2.73,-4.83,3,"MACD↑, 상승구조, 5d<10%",-0.2735,False,False,False,False,1.15,False,False,False,True,11.7,15.0,20700,22430,23810,20570
KOSDAQ,이엔에프테크놀로지,102710,48850,95.16,6979.6,16.2,-11.01,-1366.0692,42.88803,-0.36,-3.84,-14.9,3,"MACD↑, 상승구조, 5d<10%",-0.2317,False,False,False,False,1.06,False,False,False,True,11.7,15.0,53470,56320,58600,53250
KOSDAQ,쎄트렉아이,099320,59700,74.79,6537.9,31.7,-7.59,-1163.1547,176.86596,0.33,1.02,-13.1,3,"MACD↑, 상승구조, 5d<10%",-0.2898,False,False,False,False,1.13,False,False,False,True,11.7,15.0,62930,66280,68960,62670
KOSDAQ,성광벤드,014620,31800,74.01,8445.2,41.1,-1.14,9.7418,10.25022,-0.56,-1.7,1.44,3,"MACD↑, MACD>0, 5d<10%",-0.1778,False,False,False,False,1.26,False,False,False,True,11.7,15.0,31800,33320,34540,31200
KOSDAQ,오스코텍,039200,40000,59.04,15302.1,31.8,-4.71,-307.095,44.95306,-0.75,5.12,-1.84,3,"MACD↑, 상승구조, 5d<10%",-0.2348,False,False,False,False,1.08,False,False,False,True,11.7,15.0,40910,43040,44750,40720
KOSDAQ,코스메카코리아,241710,66800,56.83,7134.2,48.2,-1.92,-250.2838,-8.4757,-0.18,-4.43,2.3,3,"RSI 45~65, 상승구조, 5d<10%",-0.1681,False,False,False,False,0.83,False,False,False,True,11.7,15.0,66800,70150,72830,66060
KOSPI,한화에어로스페이스,012450,994000,1504.42,512540.2,44.3,-1.55,-1432.7196,-487.50834,-1.05,-5.24,6.2,2,"상승구조, 5d<10%",-0.1944,False,False,False,False,0.98,False,False,False,True,9.5,15.0,994000,1037930,1073070,979410
KOSPI,유한양행,000100,116000,402.85,92763.4,39.4,-1.52,-165.1461,-91.2191,-0.13,0.43,-0.68,2,"상승구조, 5d<10%",-0.1651,False,False,False,False,1.23,False,False,False,True,9.5,15.0,116160,119430,122040,114260
KOSPI,대한조선,439260,76100,360.12,29318.5,43.8,-2.64,212.1893,-141.97568,0.68,-1.68,-0.52,2,"MACD>0, 5d<10%",-0.1941,False,False,False,False,1.18,False,False,False,True,9.5,15.0,76700,79620,81960,75820
KOSPI,한화비전,489790,51000,320.86,25749.1,36.2,-3.35,28.024,-79.28356,0.03,-0.97,-2.67,2,"MACD>0, 5d<10%",-0.2181,False,False,False,False,0.88,False,False,False,True,9.5,15.0,51600,53940,55820,51190
KOSPI,메리츠금융지주,138040,110600,272.2,193795.3,48.1,-2.53,-37.9698,-142.48525,0.44,-3.24,-2.73,2,"RSI 45~65, 5d<10%",-0.1825,False,False,False,False,0.71,False,False,False,True,9.5,15.0,111870,115060,117620,110060
KOSDAQ,와이지엔터테인먼트,122870,91500,251.11,17102.3,38.7,-4.18,-294.1788,23.87313,0.3,-0.11,-1.61,2,"MACD↑, 5d<10%",-0.1811,False,False,False,False,0.92,False,False,False,True,9.5,15.0,93360,97630,101060,92630
KOSPI,삼성E&A,028050,27400,232.75,53704.0,48.1,-1.62,-68.0882,-46.61506,-0.1,-9.57,-3.18,2,"RSI 45~65, 5d<10%",-0.1644,False,False,False,False,1.24,False,False,False,True,9.5,15.0,27400,28520,29420,27020
KOSPI,BNK금융지주,138930,13820,189.46,43453.6,44.4,-3.37,-43.8063,-11.63751,1.38,-3.02,-4.95,2,"거래량↑, 5d<10%",-0.1911,False,False,False,False,0.73,False,False,False,True,9.5,15.0,14100,14510,14830,13870
KOSDAQ,미코,059090,14510,169.18,4848.8,40.2,-6.03,-103.0442,-61.87299,0.14,-5.23,-5.9,2,"상승구조, 5d<10%",-0.1712,False,False,False,False,1.11,False,False,False,True,9.5,15.0,14920,15970,16800,14980
KOSPI,LG유플러스,032640,14830,146.99,63743.5,43.0,-1.9,-16.0109,-26.84747,0.03,-1.66,-2.5,2,"상승구조, 5d<10%",-0.1569,False,False,False,False,0.9,False,False,False,True,9.5,15.0,14940,15290,15570,14660
KOSPI,SK이터닉스,475150,20800,123.73,7020.8,33.5,-6.37,-205.7088,5.55886,-0.37,1.46,-14.93,2,"MACD↑, 5d<10%",-0.2685,False,False,False,False,0.77,False,False,False,True,9.5,15.0,21650,22780,23680,21550
KOSDAQ,덕산네오룩스,213420,42200,92.07,10478.8,22.3,-6.14,-278.3089,-15.66047,0.37,-0.12,-6.74,2,"상승구조, 5d<10%",-0.2398,False,False,False,False,0.8,False,False,False,True,9.5,15.0,44000,45920,47470,43610
KOSPI,F&F,383220,62100,77.14,23788.7,44.1,-3.15,-61.5072,-155.91049,1.81,-6.05,-3.87,2,"거래량↑, 5d<10%",-0.1923,False,False,False,False,1.01,False,False,False,True,9.5,15.0,63080,65160,66830,62200
KOSDAQ,DSC인베스트먼트,241520,7040,69.72,1900.8,44.7,-3.35,-8.0168,-27.29046,0.27,2.03,-2.63,2,"상승구조, 5d<10%",-0.1865,False,False,False,False,1.26,False,False,False,True,9.5,15.0,7080,7490,7830,7070
KOSPI,DB손해보험,005830,128200,216.6,90765.6,37.8,-4.0,-449.1788,-124.9603,-0.36,-3.32,-4.47,1,5d<10%,-0.2206,False,False,False,False,0.87,False,False,False,True,7.3,15.0,131660,135430,138460,129540
KOSDAQ,좋은사람들,033340,1716,148.62,1663.7,42.6,-18.84,-34.9751,-26.36449,-0.1,-23.39,-17.7,1,5d<10%,-0.3405,False,False,False,False,1.08,False,False,False,True,7.3,15.0,2010,2220,2390,2050
KOSPI,파라다이스,034230,18490,137.43,17085.8,33.3,-5.5,-67.2368,-2.19266,-0.55,-1.96,-2.07,1,5d<10%,-0.2644,False,False,False,False,0.99,False,False,False,True,7.3,15.0,19240,19900,20420,18980
KOSPI,롯데쇼핑,023530,65500,51.56,18529.1,40.0,-3.39,-195.0561,-54.88383,0.66,-2.96,-2.67,1,5d<10%,-0.2187,False,False,False,False,1.14,False,False,False,True,7.3,15.0,67160,68430,69460,65760
